{"_runtime":227,"optimal_threshold":0.6543470025062561,"epoch":50,"_wandb":{"runtime":227},"_step":50,"_timestamp":1.7757305095579772e+09,"val_auc":0.6383763888888888,"train_mse":0.05867599454609184,"val_acc":0.6029166666666667,"Label_Dist/S16":{"_type":"histogram","values":[120,0,0,0,0,0,0,0,60,60,0,0,0,0,0,60,180,0,0,0,120,0,120,120,180,60,0,60,60,0,0,0,0,0,60,0,0,60,180,60,120,180,60,0,60,120,0,0,0,0,0,0,0,0,0,120,0,0,0,60,0,60,0,60],"bins":[0,0.014589843340218067,0.029179686680436134,0.043769530951976776,0.05835937336087227,0.07294921576976776,0.08753906190395355,0.10212890058755875,0.11671874672174454,0.13130858540534973,0.14589843153953552,0.1604882776737213,0.1750781238079071,0.1896679699420929,0.2042578011751175,0.21884764730930328,0.23343749344348907,0.24802733957767487,0.26261717081069946,0.27720701694488525,0.29179686307907104,0.30638670921325684,0.3209765553474426,0.3355664014816284,0.3501562476158142,0.36474609375,0.3793359398841858,0.3939257562160492,0.408515602350235,0.4231054484844208,0.43769529461860657,0.45228514075279236,0.46687498688697815,0.48146483302116394,0.49605467915534973,0.5106444954872131,0.5252343416213989,0.5398241877555847,0.5544140338897705,0.5690038800239563,0.5835937261581421,0.5981835722923279,0.6127734184265137,0.6273632645606995,0.6419531106948853,0.656542956829071,0.6711328029632568,0.6857226490974426,0.7003124952316284,0.7149023413658142,0.7294921875,0.7440820336341858,0.7586718797683716,0.7732617259025574,0.7878515124320984,0.8024413585662842,0.81703120470047,0.8316210508346558,0.8462108969688416,0.8608007431030273,0.8753905892372131,0.8899804353713989,0.9045702815055847,0.9191601276397705,0.9337499737739563]},"lr":3.90625e-06}