{"val_acc":0.5,"_wandb":{"runtime":223},"lr":3.90625e-06,"val_auc":0.3825923611111111,"_timestamp":1.775720541808203e+09,"optimal_threshold":Infinity,"_step":50,"Label_Dist/S10":{"values":[60,0,0,0,120,0,120,0,0,0,60,0,120,60,0,0,0,0,60,0,60,120,0,60,120,0,0,0,0,120,120,0,0,120,0,60,60,120,120,0,0,0,0,0,60,60,0,60,60,120,0,60,0,0,120,0,0,0,0,0,0,0,60,120],"bins":[0.04749999940395355,0.06236328184604645,0.07722656428813934,0.09208983927965164,0.10695312172174454,0.12181640416383743,0.13667967915534973,0.15154296159744263,0.16640624403953552,0.18126952648162842,0.1961328089237213,0.2109960913658142,0.2258593738079071,0.24072265625,0.2555859386920929,0.2704492211341858,0.2853125035762787,0.3001757860183716,0.3150390684604645,0.329902321100235,0.3447656035423279,0.3596288859844208,0.37449216842651367,0.38935545086860657,0.40421873331069946,0.41908201575279236,0.43394529819488525,0.44880858063697815,0.46367186307907104,0.47853514552116394,0.49339842796325684,0.5082616806030273,0.5231249928474426,0.5379882454872131,0.5528515577316284,0.5677148103713989,0.5825781226158142,0.5974413752555847,0.6123046875,0.6271679401397705,0.6420312523841858,0.6568945050239563,0.6717578172683716,0.6866210699081421,0.7014843821525574,0.7163476347923279,0.7312108874320984,0.7460741996765137,0.7609374523162842,0.7758007645606995,0.79066401720047,0.8055273294448853,0.8203905820846558,0.835253894329071,0.8501171469688416,0.8649804592132568,0.8798437118530273,0.8947070240974426,0.9095702767372131,0.9244335889816284,0.9392968416213989,0.9541601538658142,0.9690234065055847,0.98388671875,0.9987499713897705],"_type":"histogram"},"train_mse":0.059725584596702734,"_runtime":223,"epoch":50}