{"lr":7.8125e-06,"_step":50,"val_acc":0.4870833333333333,"optimal_threshold":0.7456979155540466,"val_auc":0.49670454545454545,"_wandb":{"runtime":241},"_timestamp":1.775729560150263e+09,"train_mse":0.05645686354731366,"epoch":50,"_runtime":241,"Label_Dist/S12":{"bins":[0.23375000059604645,0.24572265148162842,0.2576953172683716,0.26966798305511475,0.2816406190395355,0.2936132848262787,0.30558595061302185,0.3175585865974426,0.3295312523841858,0.34150391817092896,0.35347655415534973,0.3654492199420929,0.37742188572883606,0.38939452171325684,0.4013671875,0.41333985328674316,0.42531248927116394,0.4372851550579071,0.44925782084465027,0.46123045682907104,0.4732031226158142,0.4851757884025574,0.49714842438697815,0.5091211199760437,0.5210937261581421,0.5330663919448853,0.5450390577316284,0.5570117235183716,0.5689843893051147,0.5809570550918579,0.5929296612739563,0.6049023270606995,0.6168749928474426,0.6288476586341858,0.640820324420929,0.6527929902076721,0.6647655963897705,0.6767382621765137,0.6887109279632568,0.70068359375,0.7126562595367432,0.7246289253234863,0.7366015911102295,0.7485741972923279,0.760546863079071,0.7725195288658142,0.7844921946525574,0.7964648604393005,0.8084375262260437,0.8204101324081421,0.8323827981948853,0.8443554639816284,0.8563281297683716,0.8683007955551147,0.8802734613418579,0.8922460675239563,0.9042187333106995,0.9161913990974426,0.9281640648841858,0.940136730670929,0.9521093964576721,0.9640820026397705,0.9760546684265137,0.9880273342132568,1],"_type":"histogram","values":[60,120,60,60,0,0,0,0,0,0,0,0,0,0,0,0,0,0,0,0,120,0,60,240,120,0,0,0,0,0,0,0,60,60,0,0,0,0,0,0,0,120,300,120,300,0,120,0,0,0,0,0,0,120,0,60,60,0,0,0,0,120,60,60]}}