{"_wandb":{"runtime":0},"_runtime":0,"_step":0,"Label_Dist/S32":{"bins":[1,1.113124966621399,1.2262499332427979,1.3393750190734863,1.4524999856948853,1.5656249523162842,1.6787500381469727,1.7918750047683716,1.9049999713897705,2.018125057220459,2.1312499046325684,2.244374990463257,2.3575000762939453,2.4706249237060547,2.583750009536743,2.6968748569488525,2.809999942779541,2.9231250286102295,3.036249876022339,3.1493749618530273,3.2624998092651367,3.375624895095825,3.4887499809265137,3.601874828338623,3.7149999141693115,3.828125,3.9412498474121094,4.054374694824219,4.167500019073486,4.280624866485596,4.393749713897705,4.506875038146973,4.619999885559082,4.733124732971191,4.846250057220459,4.959374904632568,5.072499752044678,5.185625076293945,5.298749923706055,5.411874771118164,5.524999618530273,5.638124942779541,5.75124979019165,5.86437463760376,5.977499961853027,6.090624809265137,6.203749656677246,6.316874980926514,6.429999828338623,6.543124675750732,6.65625,6.769374847412109,6.882499694824219,6.995625019073486,7.108749866485596,7.221874713897705,7.335000038146973,7.448124885559082,7.561249732971191,7.674374580383301,7.787499904632568,7.900624752044678,8.013750076293945,8.126874923706055,8.239999771118164],"_type":"histogram","values":[120,0,0,0,0,0,0,0,0,0,0,0,0,0,0,0,60,60,60,0,0,0,0,0,0,180,240,300,60,0,0,0,0,0,60,120,60,0,0,0,0,0,60,0,240,0,0,0,0,0,0,0,60,120,120,60,0,0,0,0,60,60,120,180]},"_timestamp":1.7755776519264994e+09}