{"epoch":50,"lr":3.90625e-06,"_runtime":196,"_timestamp":1.7756281563060095e+09,"_step":50,"Label_Dist/S23":{"values":[60,0,0,0,0,0,0,0,60,60,0,0,0,0,0,0,60,60,60,0,60,60,0,0,0,0,120,300,240,120,0,0,0,0,0,0,0,0,0,0,0,60,0,60,0,240,120,60,60,0,0,0,60,0,60,120,120,60,0,0,0,0,0,120],"bins":[1.909999966621399,2.0207812786102295,2.1315624713897705,2.2423436641693115,2.3531248569488525,2.4639062881469727,2.5746874809265137,2.6854686737060547,2.7962498664855957,2.907031297683716,3.017812490463257,3.128593683242798,3.239374876022339,3.350156307220459,3.4609375,3.571718692779541,3.682499885559082,3.793281316757202,3.904062509536743,4.014843940734863,4.125625133514404,4.236406326293945,4.347187519073486,4.457968711853027,4.568749904632568,4.679531097412109,4.79031229019165,4.90109395980835,5.011875152587891,5.122656345367432,5.233437538146973,5.344218730926514,5.454999923706055,5.565781116485596,5.676562309265137,5.787343502044678,5.898125171661377,6.008906364440918,6.119687557220459,6.23046875,6.341249942779541,6.452031135559082,6.562812328338623,6.673593521118164,6.784375190734863,6.895156383514404,7.005937576293945,7.116718769073486,7.227499961853027,7.338281154632568,7.449062347412109,7.55984354019165,7.67062520980835,7.781406402587891,7.892187595367432,8.002968788146973,8.113750457763672,8.224531173706055,8.335312843322754,8.446093559265137,8.556875228881836,8.667655944824219,8.778437614440918,8.8892183303833,9],"_type":"histogram"},"_wandb":{"runtime":196},"train_mse":3.9994423106773613,"val_acc":0.5233333333333333}