{"_runtime":227,"lr":7.8125e-06,"val_auc":0.4454709201388889,"_timestamp":1.7757270063003886e+09,"epoch":50,"Label_Dist/S01":{"_type":"histogram","values":[60,60,120,0,60,0,0,60,0,120,60,0,60,60,0,0,0,60,60,120,0,0,0,0,0,0,0,0,0,60,0,0,0,0,0,0,0,0,0,0,0,60,0,60,0,0,0,0,0,0,120,120,120,180,120,60,60,60,60,0,0,120,120,180],"bins":[0.13500000536441803,0.14685547351837158,0.15871094167232513,0.1705664098262787,0.18242187798023224,0.1942773461341858,0.20613281428813934,0.2179882824420929,0.22984375059604645,0.24169921875,0.25355470180511475,0.2654101550579071,0.27726563811302185,0.2891210913658142,0.30097657442092896,0.3128320276737213,0.32468751072883606,0.3365429639816284,0.34839844703674316,0.3602539002895355,0.37210938334465027,0.3839648365974426,0.3958203196525574,0.4076758027076721,0.4195312559604645,0.4313867390155792,0.4432421922683716,0.45509767532348633,0.4669531285762787,0.47880861163139343,0.4906640648841858,0.5025195479393005,0.5143750309944153,0.5262304544448853,0.5380859375,0.5499414205551147,0.5617969036102295,0.5736523270606995,0.5855078101158142,0.597363293170929,0.6092187762260437,0.6210741996765137,0.6329296827316284,0.6447851657867432,0.6566406488418579,0.6684961318969727,0.6803515553474426,0.6922070384025574,0.7040625214576721,0.7159180045127869,0.7277734279632568,0.7396289110183716,0.7514843940734863,0.7633398771286011,0.775195300579071,0.7870507836341858,0.7989062666893005,0.8107617497444153,0.8226171731948853,0.83447265625,0.8463281393051147,0.8581836223602295,0.8700390458106995,0.8818945288658142,0.893750011920929]},"_wandb":{"runtime":227},"_step":50,"val_acc":0.4,"optimal_threshold":Infinity,"train_mse":0.057214919554511294}