{"_wandb":{"runtime":206},"Label_Dist/S30":{"values":[180,0,0,0,0,0,0,0,0,0,60,120,180,120,60,0,0,0,0,0,0,0,0,0,540,180,60,0,0,0,0,0,0,0,0,0,60,120,120,60,0,0,0,0,0,0,0,0,0,180,120,120,0,0,0,0,0,0,0,0,60,0,0,60],"bins":[2.9700000286102295,3.0528125762939453,3.135625123977661,3.218437433242798,3.3012499809265137,3.3840625286102295,3.4668750762939453,3.549687623977661,3.632500171661377,3.7153124809265137,3.7981250286102295,3.8809375762939453,3.963750123977661,4.046562671661377,4.129374980926514,4.212187767028809,4.295000076293945,4.37781286239624,4.460625171661377,4.543437480926514,4.626250267028809,4.709062576293945,4.79187536239624,4.874687671661377,4.957499980926514,5.040312767028809,5.123125076293945,5.20593786239624,5.288750171661377,5.371562957763672,5.454375267028809,5.537187576293945,5.62000036239624,5.702812671661377,5.785625457763672,5.868437767028809,5.951250076293945,6.03406286239624,6.116875171661377,6.199687957763672,6.282500267028809,6.365312576293945,6.44812536239624,6.530937671661377,6.613750457763672,6.696562767028809,6.7793755531311035,6.86218786239624,6.945000171661377,7.027812957763672,7.110625267028809,7.1934380531311035,7.27625036239624,7.359062671661377,7.441875457763672,7.524687767028809,7.6075005531311035,7.69031286239624,7.773125648498535,7.855937957763672,7.938750267028809,8.021562576293945,8.104375839233398,8.187188148498535,8.270000457763672],"_type":"histogram"},"_runtime":206,"_step":50,"val_acc":0.6729166666666667,"_timestamp":1.7756295854326096e+09,"lr":3.90625e-06,"train_mse":4.104168135275955,"epoch":50}