{"train_mse":3.6268670657246385,"_step":50,"_wandb":{"runtime":206},"Label_Dist/S02":{"bins":[1,1.125,1.25,1.375,1.5,1.625,1.75,1.875,2,2.125,2.25,2.375,2.5,2.625,2.75,2.875,3,3.125,3.25,3.375,3.5,3.625,3.75,3.875,4,4.125,4.25,4.375,4.5,4.625,4.75,4.875,5,5.125,5.25,5.375,5.5,5.625,5.75,5.875,6,6.125,6.25,6.375,6.5,6.625,6.75,6.875,7,7.125,7.25,7.375,7.5,7.625,7.75,7.875,8,8.125,8.25,8.375,8.5,8.625,8.75,8.875,9],"_type":"histogram","values":[360,0,0,0,0,0,0,60,60,0,0,0,0,0,0,60,0,0,0,0,0,0,0,0,120,0,0,0,0,0,60,180,300,0,0,0,0,0,0,0,180,0,0,0,0,0,0,0,120,0,0,0,0,0,0,0,120,0,0,0,0,0,0,780]},"_timestamp":1.7756238400109725e+09,"lr":1.5625e-05,"val_acc":0.5533333333333333,"epoch":50,"_runtime":206}