{"lr":3.90625e-06,"val_auc":0.43740648148148153,"optimal_threshold":0.582926869392395,"val_acc":0.2579166666666667,"_wandb":{"runtime":225},"_step":50,"Label_Dist/S25":{"_type":"histogram","values":[120,0,0,0,0,0,0,180,0,0,0,0,0,0,0,120,60,0,0,0,0,0,0,0,60,0,0,0,0,0,0,120,180,0,0,0,0,0,0,120,540,0,0,0,0,0,0,0,540,0,0,0,0,0,0,60,240,0,0,0,0,0,0,60],"bins":[0.0037499999161809683,0.019316406920552254,0.034882813692092896,0.05044921860098839,0.06601562350988388,0.08158203214406967,0.09714844077825546,0.11271484196186066,0.12828125059604645,0.14384765923023224,0.15941406786441803,0.17498046159744263,0.19054687023162842,0.2061132788658142,0.2216796875,0.2372460961341858,0.2528125047683716,0.2683789134025574,0.28394532203674316,0.29951173067092896,0.31507813930511475,0.33064451813697815,0.34621092677116394,0.36177733540534973,0.3773437440395355,0.3929101526737213,0.4084765613079071,0.4240429699420929,0.4396093785762787,0.4551757872104645,0.47074219584465027,0.48630860447883606,0.5018749833106995,0.5174413919448853,0.533007800579071,0.5485742092132568,0.5641406178474426,0.5797070264816284,0.5952734351158142,0.61083984375,0.6264062523841858,0.6419726610183716,0.6575390696525574,0.6731054782867432,0.688671886920929,0.7042382955551147,0.7198047041893005,0.7353711128234863,0.7509375214576721,0.7665039300918579,0.7820703387260437,0.7976367473602295,0.8132030963897705,0.8287695050239563,0.8443359136581421,0.8599023222923279,0.8754687309265137,0.8910351395606995,0.9066015481948853,0.922167956829071,0.9377343654632568,0.9533007740974426,0.9688671827316284,0.9844335913658142,1]},"train_mse":0.05797282192868875,"epoch":50,"_runtime":225,"_timestamp":1.7757326189035285e+09}