{"train_mse":0.057239039881071686,"Label_Dist/S17":{"_type":"histogram","values":[60,0,60,0,60,0,60,0,120,0,60,60,0,60,60,120,60,60,0,0,0,0,180,0,0,0,0,0,0,60,60,0,0,0,0,0,0,60,0,60,0,0,0,60,120,180,60,60,60,0,60,60,0,60,0,0,0,0,60,0,120,120,0,120],"bins":[0.2549999952316284,0.26326170563697815,0.27152344584465027,0.27978515625,0.28804686665534973,0.29630857706069946,0.3045703172683716,0.3128320276737213,0.32109373807907104,0.32935547828674316,0.3376171886920929,0.3458788990974426,0.35414060950279236,0.3624023497104645,0.3706640601158142,0.37892577052116394,0.38718748092651367,0.3954492211341858,0.4037109315395355,0.41197264194488525,0.4202343821525574,0.4284960925579071,0.43675780296325684,0.44501951336860657,0.4532812535762787,0.4615429639816284,0.46980467438697815,0.47806641459465027,0.486328125,0.49458983540534973,0.5028515458106995,0.5111132860183716,0.5193749666213989,0.527636706829071,0.5358984470367432,0.5441601276397705,0.5524218678474426,0.5606836080551147,0.5689452886581421,0.5772070288658142,0.5854687690734863,0.5937304496765137,0.6019921898841858,0.6102539300918579,0.6185156106948853,0.6267773509025574,0.6350390315055847,0.6433007717132568,0.651562511920929,0.6598241925239563,0.6680859327316284,0.6763476729393005,0.6846093535423279,0.69287109375,0.7011328339576721,0.7093945145606995,0.7176562547683716,0.7259179949760437,0.734179675579071,0.7424414157867432,0.7507030963897705,0.7589648365974426,0.7672265768051147,0.7754882574081421,0.7837499976158142]},"val_acc":0.5333333333333333,"_timestamp":1.7757127818041549e+09,"_step":50,"epoch":50,"_runtime":200,"_wandb":{"runtime":200},"optimal_threshold":0.6174050569534302,"val_auc":0.5318118686868687,"lr":7.8125e-06}