{"epoch":50,"_runtime":196,"Label_Dist/S07":{"values":[180,0,0,0,0,0,0,0,120,300,0,0,0,0,0,0,0,0,240,60,0,0,0,0,0,0,0,180,0,0,0,0,0,0,0,0,300,120,0,0,0,0,0,0,0,300,480,0,0,0,0,0,0,0,0,60,0,0,0,0,0,0,0,60],"bins":[0.125,0.138671875,0.15234375,0.166015625,0.1796875,0.193359375,0.20703125,0.220703125,0.234375,0.248046875,0.26171875,0.275390625,0.2890625,0.302734375,0.31640625,0.330078125,0.34375,0.357421875,0.37109375,0.384765625,0.3984375,0.412109375,0.42578125,0.439453125,0.453125,0.466796875,0.48046875,0.494140625,0.5078125,0.521484375,0.53515625,0.548828125,0.5625,0.576171875,0.58984375,0.603515625,0.6171875,0.630859375,0.64453125,0.658203125,0.671875,0.685546875,0.69921875,0.712890625,0.7265625,0.740234375,0.75390625,0.767578125,0.78125,0.794921875,0.80859375,0.822265625,0.8359375,0.849609375,0.86328125,0.876953125,0.890625,0.904296875,0.91796875,0.931640625,0.9453125,0.958984375,0.97265625,0.986328125,1],"_type":"histogram"},"_step":50,"lr":3.90625e-06,"val_auc":0.5746625925925926,"_wandb":{"runtime":196},"val_acc":0.58,"train_mse":0.05991694558399035,"optimal_threshold":0.5473744869232178,"_timestamp":1.7756424984843335e+09}