{"_runtime":209,"_timestamp":1.775570661916686e+09,"_step":49,"epoch":50,"train_mse":4.108002901896579,"val_acc":0.47458333333333336,"lr":1.953125e-06,"_wandb":{"runtime":209}}