{"lr":3.90625e-06,"epoch":50,"Label_Dist/S12":{"values":[60,60,0,0,0,60,60,60,60,0,60,0,0,0,0,60,180,0,0,120,60,60,0,0,0,0,60,60,0,0,0,0,0,0,120,0,240,0,0,0,0,0,0,0,0,120,0,0,0,0,60,60,180,60,120,0,180,0,0,0,60,0,120,60],"bins":[1,1.111718773841858,1.2234375476837158,1.3351562023162842,1.446874976158142,1.55859375,1.6703124046325684,1.7820311784744263,1.8937499523162842,2.0054686069488525,2.1171875,2.2289061546325684,2.3406248092651367,2.452343702316284,2.5640623569488525,2.67578125,2.7874999046325684,2.8992185592651367,3.010937452316284,3.1226561069488525,3.234375,3.3460936546325684,3.4578123092651367,3.569531202316284,3.6812498569488525,3.792968511581421,3.9046874046325684,4.016406059265137,4.128124713897705,4.239843368530273,4.3515625,4.463281154632568,4.574999809265137,4.686718463897705,4.798437118530273,4.91015625,5.021874904632568,5.133593559265137,5.245312213897705,5.357030868530273,5.46875,5.580468654632568,5.692187309265137,5.803905963897705,5.915624618530273,6.027343273162842,6.139062404632568,6.250781059265137,6.362499713897705,6.474218368530273,6.585937023162842,6.697656154632568,6.809374809265137,6.921093463897705,7.032812118530273,7.144530773162842,7.25624942779541,7.367968559265137,7.479687213897705,7.591405868530273,7.703124523162842,7.81484317779541,7.926562309265137,8.038280487060547,8.149999618530273],"_type":"histogram"},"_runtime":208,"val_acc":0.4579166666666667,"_step":50,"train_mse":3.9296518269273424,"_wandb":{"runtime":208},"_timestamp":1.77562590844544e+09}