{"epoch":50,"train_mse":3.8214233736811636,"lr":1.5625e-05,"_runtime":201,"val_acc":0.6029166666666667,"_wandb":{"runtime":201},"Label_Dist/S11":{"_type":"histogram","values":[60,60,0,60,60,0,0,60,0,0,0,120,0,0,0,0,60,0,0,60,0,0,60,60,0,0,0,0,120,0,60,0,0,60,240,0,0,60,60,60,120,0,0,60,60,120,60,60,0,0,0,60,60,0,60,120,0,60,0,60,60,0,0,120],"bins":[1,1.1159374713897705,1.231874942779541,1.347812533378601,1.4637500047683716,1.579687476158142,1.6956250667572021,1.8115625381469727,1.9275000095367432,2.0434374809265137,2.159374952316284,2.2753124237060547,2.3912501335144043,2.507187604904175,2.6231250762939453,2.739062547683716,2.8550000190734863,2.970937490463257,3.0868749618530273,3.202812433242798,3.3187499046325684,3.434687614440918,3.5506250858306885,3.666562557220459,3.7825000286102295,3.8984375,4.01437520980835,4.130312442779541,4.246250152587891,4.362187385559082,4.478125095367432,4.594062328338623,4.710000038146973,4.825937747955322,4.941874980926514,5.057812690734863,5.173749923706055,5.289687633514404,5.405624866485596,5.521562576293945,5.637499809265137,5.753437519073486,5.869375228881836,5.985312461853027,6.101250171661377,6.217187404632568,6.333125114440918,6.449062347412109,6.565000057220459,6.680937767028809,6.796875,6.91281270980835,7.028749942779541,7.144687652587891,7.260624885559082,7.376562595367432,7.492500305175781,7.608437538146973,7.724375247955322,7.840312480926514,7.956250190734863,8.072187423706055,8.188124656677246,8.304062843322754,8.420000076293945]},"_timestamp":1.7756256978089614e+09,"_step":50}