{"_runtime":197,"Label_Dist/S15":{"bins":[1.9199999570846558,2.0306248664855957,2.141249895095825,2.2518749237060547,2.362499952316284,2.4731249809265137,2.583750009536743,2.6943750381469727,2.805000066757202,2.9156248569488525,3.026249885559082,3.1368749141693115,3.247499942779541,3.3581249713897705,3.46875,3.5793750286102295,3.690000057220459,3.8006250858306885,3.911249876022339,4.021874904632568,4.132500171661377,4.243124961853027,4.353749752044678,4.464375019073486,4.574999809265137,4.685625076293945,4.796249866485596,4.906875133514404,5.017499923706055,5.128125190734863,5.238749980926514,5.349374771118164,5.460000038146973,5.570624828338623,5.681250095367432,5.791874885559082,5.902500152587891,6.013124942779541,6.12375020980835,6.234375,6.34499979019165,6.455625057220459,6.566249847412109,6.676875114440918,6.787499904632568,6.898125171661377,7.008749961853027,7.119374752044678,7.230000019073486,7.340624809265137,7.451250076293945,7.561874866485596,7.672500133514404,7.783124923706055,7.893750190734863,8.004375457763672,8.114999771118164,8.225625038146973,8.336250305175781,8.446874618530273,8.557499885559082,8.66812515258789,8.7787504196167,8.889374732971191,9],"_type":"histogram","values":[60,120,0,0,0,0,0,0,0,240,180,0,0,0,0,0,0,0,300,120,60,0,0,0,0,0,0,120,180,0,0,0,0,0,0,0,60,0,0,0,0,0,0,0,0,0,240,0,0,0,0,0,0,0,60,180,120,0,0,0,0,0,0,360]},"lr":6.25e-05,"_timestamp":1.77557448111976e+09,"epoch":50,"val_acc":0.6341666666666667,"train_mse":3.4788040569967422,"_step":50,"_wandb":{"runtime":197}}