{"optimal_threshold":0.5944793224334717,"val_acc":0.3441666666666667,"Label_Dist/S21":{"bins":[0.23874999582767487,0.24914062023162842,0.25953125953674316,0.2699218690395355,0.28031250834465027,0.2907031178474426,0.3010937571525574,0.31148436665534973,0.3218750059604645,0.33226561546325684,0.3426562547683716,0.35304686427116394,0.3634375035762787,0.37382811307907104,0.3842187523841858,0.39460936188697815,0.4050000011920929,0.41539061069488525,0.42578125,0.43617185950279236,0.4465624988079071,0.45695310831069946,0.4673437476158142,0.47773438692092896,0.4881249964237213,0.49851563572883606,0.5089062452316284,0.5192968845367432,0.5296875238418579,0.5400781035423279,0.5504687428474426,0.5608593821525574,0.5712500214576721,0.5816406011581421,0.5920312404632568,0.6024218797683716,0.6128125190734863,0.6232030987739563,0.633593738079071,0.6439843773841858,0.6543750166893005,0.6647655963897705,0.6751562356948853,0.685546875,0.6959375143051147,0.7063281536102295,0.7167187333106995,0.7271093726158142,0.737500011920929,0.7478906512260437,0.7582812309265137,0.7686718702316284,0.7790625095367432,0.7894531488418579,0.7998437285423279,0.8102343678474426,0.8206250071525574,0.8310156464576721,0.8414062261581421,0.8517968654632568,0.8621875047683716,0.8725781440734863,0.8829687237739563,0.893359363079071,0.9037500023841858],"_type":"histogram","values":[180,0,0,0,0,60,0,0,0,0,0,0,60,120,0,60,0,0,0,0,0,0,0,0,0,60,0,0,0,0,0,0,0,0,60,0,60,480,120,60,60,0,60,120,60,0,60,60,0,300,180,120,0,0,0,0,0,0,0,0,0,0,0,60]},"train_mse":0.059233718778925255,"lr":7.8125e-06,"_runtime":227,"_timestamp":1.7757316706126852e+09,"val_auc":0.4908794487847222,"_wandb":{"runtime":227},"_step":50,"epoch":50}