{"epoch":50,"lr":1.953125e-06,"val_acc":0.2991666666666667,"train_mse":4.05698790132385,"_timestamp":1.7756248669831173e+09,"_runtime":204,"_step":50,"_wandb":{"runtime":204},"Label_Dist/S07":{"bins":[1.9700000286102295,2.065781354904175,2.161562442779541,2.2573437690734863,2.3531250953674316,2.448906421661377,2.544687509536743,2.6404688358306885,2.736250162124634,2.83203125,2.9278125762939453,3.0235939025878906,3.119374990463257,3.215156316757202,3.3109376430511475,3.4067189693450928,3.502500057220459,3.5982813835144043,3.6940627098083496,3.789843797683716,3.885625123977661,3.9814064502716064,4.077187538146973,4.172968864440918,4.268750190734863,4.364531517028809,4.460312843322754,4.556093692779541,4.651875019073486,4.747656345367432,4.843437671661377,4.939218997955322,5.035000324249268,5.130781650543213,5.2265625,5.322343826293945,5.418125152587891,5.513906478881836,5.609687805175781,5.705469131469727,5.801250457763672,5.897031307220459,5.992812633514404,6.08859395980835,6.184375286102295,6.28015661239624,6.3759379386901855,6.471719264984131,6.567500114440918,6.663281440734863,6.759062767028809,6.854844093322754,6.950625419616699,7.0464067459106445,7.142187595367432,7.237968921661377,7.333750247955322,7.429531574249268,7.525312900543213,7.621094226837158,7.7168755531311035,7.812656402587891,7.908437728881836,8.004219055175781,8.100000381469727],"_type":"histogram","values":[180,0,0,0,0,0,0,0,0,0,120,180,60,0,0,0,0,0,0,0,0,60,0,0,0,0,0,0,0,0,0,240,60,0,0,0,0,0,0,0,0,0,0,60,0,0,0,0,0,0,0,0,600,480,60,0,0,0,0,0,0,0,120,180]}}