{"lr":7.8125e-06,"_step":50,"optimal_threshold":0.8129163980484009,"train_mse":0.055028208720264156,"epoch":50,"Label_Dist/S11":{"values":[360,120,60,0,0,60,60,0,0,0,0,60,0,60,120,120,60,0,60,0,0,0,0,120,0,60,0,0,0,0,60,0,120,60,60,0,60,0,0,0,0,0,60,0,180,120,0,0,60,0,0,60,0,60,0,0,0,0,0,120,0,0,0,60],"bins":[0.0012499999720603228,0.016269531100988388,0.03128906339406967,0.04630859196186066,0.06132812425494194,0.07634765654802322,0.09136718511581421,0.1063867136836052,0.12140624970197678,0.13642577826976776,0.15144531428813934,0.16646483540534973,0.1814843714237213,0.1965039074420929,0.21152342855930328,0.22654296457767487,0.24156250059604645,0.25658202171325684,0.2716015577316284,0.28662109375,0.3016406297683716,0.3166601359844208,0.33167967200279236,0.34669920802116394,0.3617187440395355,0.3767382800579071,0.3917578160762787,0.4067773222923279,0.42179685831069946,0.43681639432907104,0.4518359303474426,0.4668554663658142,0.4818750023841858,0.496894508600235,0.511914074420929,0.5269336104393005,0.5419530868530273,0.5569726228713989,0.5719921588897705,0.5870116949081421,0.6020312309265137,0.6170507669448853,0.6320703029632568,0.6470898389816284,0.662109375,0.6771289110183716,0.6921484470367432,0.70716792345047,0.7221874594688416,0.7372069954872131,0.7522265315055847,0.7672460675239563,0.7822656035423279,0.7972851395606995,0.812304675579071,0.8273242115974426,0.8423437476158142,0.8573632836341858,0.8723828196525574,0.8874022960662842,0.9024218320846558,0.9174413681030273,0.9324609041213989,0.9474804401397705,0.9624999761581421],"_type":"histogram"},"val_acc":0.38166666666666665,"_wandb":{"runtime":236},"val_auc":0.41605111111111115,"_timestamp":1.775729316218357e+09,"_runtime":236}