{"val_acc":0.64625,"epoch":50,"_timestamp":1.7756387696024265e+09,"optimal_threshold":0.42267680168151855,"_step":50,"val_auc":0.5313651471984806,"_wandb":{"runtime":216},"_runtime":216,"train_mse":0.05941404166064926,"lr":7.8125e-06,"Label_Dist/S23":{"_type":"histogram","values":[60,0,0,0,0,0,0,0,60,60,0,0,0,0,0,0,60,60,60,0,60,60,0,0,0,0,120,300,240,120,0,0,0,0,0,0,0,0,0,0,0,60,0,60,0,240,120,60,60,0,0,0,60,0,60,120,120,60,0,0,0,0,0,120],"bins":[0.11375000327825546,0.1275976598262787,0.1414453089237213,0.15529297292232513,0.16914062201976776,0.18298828601837158,0.1968359351158142,0.21068359911441803,0.22453124821186066,0.23837891221046448,0.2522265613079071,0.26607421040534973,0.27992188930511475,0.2937695384025574,0.3076171875,0.3214648365974426,0.33531251549720764,0.34916016459465027,0.3630078136920929,0.3768554627895355,0.39070314168930054,0.40455079078674316,0.4183984398841858,0.4322460889816284,0.44609373807907104,0.45994141697883606,0.4737890660762787,0.4876367151737213,0.5014843940734863,0.515332043170929,0.5291796922683716,0.5430273413658142,0.5568749904632568,0.5707226395606995,0.5845702886581421,0.5984179973602295,0.6122656464576721,0.6261132955551147,0.6399609446525574,0.65380859375,0.6676562428474426,0.6815038919448853,0.6953515410423279,0.7091991901397705,0.7230468988418579,0.7368945479393005,0.7507421970367432,0.7645898461341858,0.7784374952316284,0.792285144329071,0.8061327934265137,0.8199804425239563,0.8338281512260437,0.8476758003234863,0.861523449420929,0.8753710985183716,0.8892187476158142,0.9030663967132568,0.9169140458106995,0.9307616949081421,0.9446094036102295,0.9584570527076721,0.9723047018051147,0.9861523509025574,1]}}