{"train_mse":0.06012548391684839,"epoch":50,"lr":1.953125e-06,"_step":50,"val_acc":0.5079166666666667,"optimal_threshold":0.5861489772796631,"_runtime":218,"Label_Dist/S08":{"values":[60,60,60,0,0,0,0,0,0,0,0,0,0,60,0,0,60,0,0,0,120,60,0,0,60,120,60,120,0,120,0,120,420,0,0,0,0,0,0,0,0,0,0,60,0,60,60,120,0,0,60,0,60,60,0,0,60,0,60,60,60,60,0,120],"bins":[0.026249999180436134,0.04111327975988388,0.055976562201976776,0.07083984464406967,0.08570312708616257,0.10056640952825546,0.11542969197034836,0.13029296696186066,0.14515624940395355,0.16001953184604645,0.17488281428813934,0.18974609673023224,0.20460937917232513,0.21947266161441803,0.23433594405651093,0.24919922649860382,0.2640624940395355,0.2789257764816284,0.2937890589237213,0.3086523413658142,0.3235156238079071,0.33837890625,0.3532421886920929,0.3681054711341858,0.3829687535762787,0.3978320360183716,0.4126953184604645,0.4275586009025574,0.44242188334465027,0.45728516578674316,0.47214844822883606,0.48701173067092896,0.5018749833106995,0.5167382955551147,0.5316015481948853,0.5464648604393005,0.561328113079071,0.5761914253234863,0.5910546779632568,0.6059179902076721,0.6207812428474426,0.6356445550918579,0.6505078077316284,0.6653711199760437,0.6802343726158142,0.6950976848602295,0.7099609375,0.7248242497444153,0.7396875023841858,0.7545508146286011,0.7694140672683716,0.7842773795127869,0.7991406321525574,0.8140039443969727,0.8288671970367432,0.8437305092811584,0.858593761920929,0.8734570741653442,0.8883203268051147,0.90318363904953,0.9180468916893005,0.9329102039337158,0.9477734565734863,0.9626367688179016,0.9775000214576721],"_type":"histogram"},"_timestamp":1.7757200899083347e+09,"val_auc":0.5098726851851852,"_wandb":{"runtime":218}}