{"_wandb":{"runtime":220},"Label_Dist/S20":{"bins":[0.18000000715255737,0.19246093928813934,0.2049218863248825,0.21738281846046448,0.22984376549720764,0.2423046976327896,0.2547656297683716,0.26722657680511475,0.2796875238418579,0.2921484410762787,0.30460938811302185,0.317070335149765,0.3295312523841858,0.34199219942092896,0.3544531464576721,0.3669140636920929,0.37937501072883606,0.3918359577655792,0.404296875,0.41675782203674316,0.42921876907348633,0.4416796863079071,0.45414063334465027,0.46660158038139343,0.4790624976158142,0.4915234446525574,0.5039843916893005,0.5164453387260437,0.5289062857627869,0.5413671731948853,0.5538281202316284,0.5662890672683716,0.5787500143051147,0.5912109613418579,0.6036719083786011,0.6161328554153442,0.6285937428474426,0.6410546898841858,0.653515636920929,0.6659765839576721,0.6784375309944153,0.6908984780311584,0.7033593654632568,0.7158203125,0.7282812595367432,0.7407422065734863,0.7532031536102295,0.7656641006469727,0.7781250476837158,0.7905859351158142,0.8030468821525574,0.8155078291893005,0.8279687762260437,0.8404297232627869,0.85289067029953,0.8653515577316284,0.8778125047683716,0.8902734518051147,0.9027343988418579,0.9151953458786011,0.9276562929153442,0.9401171803474426,0.9525781273841858,0.965039074420929,0.9775000214576721],"_type":"histogram","values":[60,0,0,60,0,180,0,0,0,60,60,0,0,0,0,0,60,0,120,60,60,0,120,60,0,300,120,0,60,0,0,0,0,60,0,0,0,0,60,120,0,0,60,60,0,0,60,60,0,60,0,120,120,0,60,0,0,120,0,0,0,0,0,60]},"val_acc":0.5075,"epoch":50,"optimal_threshold":0.5629188418388367,"_step":50,"lr":3.125e-05,"val_auc":0.4938995453253765,"_timestamp":1.7757227972345774e+09,"_runtime":220,"train_mse":0.059330606647475886}