{"_timestamp":1.7756462459345882e+09,"val_auc":0.5136956521739131,"epoch":50,"_step":50,"_runtime":191,"_wandb":{"runtime":191},"lr":7.8125e-06,"optimal_threshold":0.48485609889030457,"Label_Dist/S26":{"_type":"histogram","values":[300,0,0,0,0,0,0,0,240,60,0,0,0,0,0,0,60,360,0,0,0,0,0,0,0,0,60,120,0,0,0,0,0,0,60,240,180,0,0,0,0,0,0,0,0,0,0,0,0,0,0,0,60,120,180,60,0,0,0,0,0,60,120,120],"bins":[0,0.014003906399011612,0.028007812798023224,0.042011719197034836,0.05601562559604645,0.07001952826976776,0.08402343839406967,0.09802734851837158,0.1120312511920929,0.1260351538658142,0.14003905653953552,0.15404297411441803,0.16804687678813934,0.18205077946186066,0.19605469703674316,0.21005859971046448,0.2240625023841858,0.2380664050579071,0.2520703077316284,0.26607421040534973,0.28007811307907104,0.29408204555511475,0.30808594822883606,0.3220898509025574,0.3360937535762787,0.35009765625,0.3641015589237213,0.3781054615974426,0.39210939407348633,0.40611329674720764,0.42011719942092896,0.43412110209465027,0.4481250047683716,0.4621289074420929,0.4761328101158142,0.4901367127895355,0.5041406154632568,0.5181445479393005,0.5321484208106995,0.5461523532867432,0.5601562261581421,0.5741601586341858,0.5881640911102295,0.6021679639816284,0.6161718964576721,0.630175769329071,0.6441797018051147,0.6581835746765137,0.6721875071525574,0.6861914396286011,0.7001953125,0.7141992449760437,0.7282031178474426,0.7422070503234863,0.7562109231948853,0.770214855670929,0.7842187881469727,0.7982226610183716,0.8122265934944153,0.8262304663658142,0.8402343988418579,0.8542382717132568,0.8682422041893005,0.8822460770606995,0.8962500095367432]},"train_mse":0.058284109298306234,"val_acc":0.5870833333333333}