{"_step":50,"train_mse":0.06196121642321246,"optimal_threshold":0.5803611278533936,"_wandb":{"runtime":197},"_timestamp":1.775711965024155e+09,"_runtime":197,"epoch":50,"lr":3.90625e-06,"val_auc":0.45072881593714925,"val_acc":0.45375,"Label_Dist/S13":{"_type":"histogram","values":[240,0,0,0,0,0,0,120,60,0,0,0,60,0,0,180,60,0,0,0,0,0,0,60,360,0,0,60,60,0,0,60,240,0,0,60,0,0,0,60,0,60,0,0,0,0,0,0,240,0,0,0,60,0,0,180,0,0,0,0,60,0,0,120],"bins":[0,0.015625,0.03125,0.046875,0.0625,0.078125,0.09375,0.109375,0.125,0.140625,0.15625,0.171875,0.1875,0.203125,0.21875,0.234375,0.25,0.265625,0.28125,0.296875,0.3125,0.328125,0.34375,0.359375,0.375,0.390625,0.40625,0.421875,0.4375,0.453125,0.46875,0.484375,0.5,0.515625,0.53125,0.546875,0.5625,0.578125,0.59375,0.609375,0.625,0.640625,0.65625,0.671875,0.6875,0.703125,0.71875,0.734375,0.75,0.765625,0.78125,0.796875,0.8125,0.828125,0.84375,0.859375,0.875,0.890625,0.90625,0.921875,0.9375,0.953125,0.96875,0.984375,1]}}