{"val_auc":0.4609074770258981,"optimal_threshold":0.7703936100006104,"lr":3.90625e-06,"train_mse":0.05770940908400463,"_runtime":203,"val_acc":0.52625,"_timestamp":1.775709506937298e+09,"Label_Dist/S01":{"bins":[0.04500000178813934,0.05992187559604645,0.07484374940395355,0.08976562321186066,0.10468750447034836,0.11960937827825546,0.13453124463558197,0.14945313334465027,0.16437500715255737,0.17929688096046448,0.19421875476837158,0.2091406285762787,0.2240625023841858,0.2389843761920929,0.25390625,0.2688281238079071,0.2837499976158142,0.2986718714237213,0.3135937452316284,0.3285156190395355,0.3434374928474426,0.35835936665534973,0.37328124046325684,0.38820311427116394,0.40312498807907104,0.41804686188697815,0.43296876549720764,0.44789063930511475,0.46281251311302185,0.47773438692092896,0.49265626072883606,0.5075781345367432,0.5224999785423279,0.5374218821525574,0.5523437261581421,0.5672656297683716,0.5821874737739563,0.5971093773841858,0.6120312213897705,0.626953125,0.6418750286102295,0.6567968726158142,0.6717187762260437,0.6866406202316284,0.7015625238418579,0.7164843678474426,0.7314062714576721,0.7463281154632568,0.7612500190734863,0.776171863079071,0.7910937666893005,0.8060156106948853,0.8209375143051147,0.8358593583106995,0.850781261920929,0.8657031059265137,0.8806250095367432,0.8955468535423279,0.9104687571525574,0.9253906011581421,0.9403125047683716,0.9552343487739563,0.9701562523841858,0.9850780963897705,1],"_type":"histogram","values":[60,0,0,0,60,120,60,180,0,60,0,60,60,120,0,120,60,0,0,0,60,60,60,60,0,0,0,0,0,60,0,60,0,0,0,0,0,0,0,0,0,0,0,0,0,60,60,60,120,180,120,0,0,60,0,0,120,120,0,0,60,0,60,60]},"epoch":50,"_wandb":{"runtime":203},"_step":50}