{"optimal_threshold":0.6727903485298157,"Label_Dist/S15":{"bins":[0.12999999523162842,0.1399804651737213,0.1499609351158142,0.1599414050579071,0.169921875,0.1799023449420929,0.1898828148841858,0.1998632848262787,0.20984375476837158,0.21982420980930328,0.22980467975139618,0.23978514969348907,0.24976561963558197,0.25974610447883606,0.26972657442092896,0.27970704436302185,0.28968751430511475,0.29966795444488525,0.30964842438697815,0.31962889432907104,0.32960936427116394,0.33958983421325684,0.34957030415534973,0.3595507740974426,0.3695312440395355,0.3795117139816284,0.3894921839237213,0.3994726538658142,0.4094531238079071,0.41943359375,0.4294140636920929,0.4393945336341858,0.4493750035762787,0.4593554735183716,0.4693359434604645,0.4793164134025574,0.48929688334465027,0.49927735328674316,0.5092577934265137,0.519238293170929,0.5292187333106995,0.5391992330551147,0.5491796731948853,0.5591601729393005,0.569140613079071,0.5791211128234863,0.5891015529632568,0.5990820527076721,0.6090624928474426,0.6190429925918579,0.6290234327316284,0.6390039324760437,0.6489843726158142,0.6589648723602295,0.6689453125,0.6789258122444153,0.6889062523841858,0.6988867521286011,0.7088671922683716,0.7188476920127869,0.7288281321525574,0.7388086318969727,0.7487890720367432,0.7587695717811584,0.768750011920929],"_type":"histogram","values":[60,0,0,0,0,0,0,0,0,0,0,180,180,60,0,0,0,0,0,0,0,0,0,60,240,180,120,0,0,0,0,0,0,0,0,0,60,600,60,0,0,0,0,0,0,0,0,60,0,0,180,0,0,0,0,0,0,0,0,0,60,60,60,180]},"_runtime":294,"lr":1.953125e-06,"lambda_cls":2,"epoch":50,"_timestamp":1.7758119816451871e+09,"_step":50,"val_auc":0.5468929267613478,"_wandb":{"runtime":294},"val_acc":0.5566666666666666,"train_mse":0.05950501708384232}