{"val_acc":0.5354166666666667,"val_auc":0.4948184027777778,"_timestamp":1.7757216529960032e+09,"train_mse":0.059351818892093455,"optimal_threshold":0.9389654994010925,"lr":7.8125e-06,"_wandb":{"runtime":216},"_step":50,"_runtime":216,"Label_Dist/S15":{"_type":"histogram","values":[60,120,0,0,0,0,0,0,0,240,180,0,0,0,0,0,0,0,300,120,60,0,0,0,0,0,0,120,180,0,0,0,0,0,0,0,60,0,0,0,0,0,0,0,0,0,240,0,0,0,0,0,0,0,60,180,120,0,0,0,0,0,0,360],"bins":[0.11500000208616257,0.12882812321186066,0.14265625178813934,0.15648438036441803,0.17031250894069672,0.1841406226158142,0.1979687511920929,0.21179687976837158,0.22562500834465027,0.23945312201976776,0.25328126549720764,0.26710936427116394,0.2809374928474426,0.2947656214237213,0.30859375,0.3224218785762787,0.3362500071525574,0.35007813572883606,0.36390626430511475,0.37773436307907104,0.39156249165534973,0.4053906202316284,0.4192187488079071,0.4330468773841858,0.4468750059604645,0.46070313453674316,0.47453126311302185,0.48835936188697815,0.5021874904632568,0.5160156488418579,0.5298437476158142,0.5436718463897705,0.5575000047683716,0.5713281035423279,0.585156261920929,0.5989843606948853,0.6128125190734863,0.6266406178474426,0.6404687762260437,0.654296875,0.6681249737739563,0.6819531321525574,0.6957812309265137,0.7096093893051147,0.723437488079071,0.7372656464576721,0.7510937452316284,0.7649219036102295,0.7787500023841858,0.7925781011581421,0.8064062595367432,0.8202343583106995,0.8340625166893005,0.8478906154632568,0.8617187738418579,0.8755468726158142,0.8893749713897705,0.9032031297683716,0.9170312285423279,0.930859386920929,0.9446874856948853,0.9585156440734863,0.9723437428474426,0.9861719012260437,1]},"epoch":50}