{"_wandb":{"runtime":238},"val_acc":0.6654166666666667,"_runtime":238,"Label_Dist/S19":{"bins":[0.11874999850988388,0.1317773461341858,0.1448046863079071,0.15783202648162842,0.17085936665534973,0.18388672173023224,0.19691406190395355,0.20994140207767487,0.22296874225139618,0.2359960973262787,0.2490234375,0.2620507776737213,0.2750781178474426,0.28810545802116394,0.30113279819488525,0.31416013836860657,0.32718750834465027,0.3402148485183716,0.3532421886920929,0.3662695288658142,0.3792968690395355,0.39232420921325684,0.40535154938697815,0.41837888956069946,0.4314062297344208,0.4444335997104645,0.4574609398841858,0.4704882800579071,0.4835156202316284,0.49654296040534973,0.509570300579071,0.5225976705551147,0.5356249809265137,0.5486523509025574,0.5616796612739563,0.57470703125,0.5877343416213989,0.6007617115974426,0.6137890815734863,0.6268163919448853,0.639843761920929,0.6528710722923279,0.6658984422683716,0.6789257526397705,0.6919531226158142,0.7049804329872131,0.7180078029632568,0.7310351729393005,0.7440624833106995,0.7570898532867432,0.7701171636581421,0.7831445336341858,0.7961718440055847,0.8091992139816284,0.8222265243530273,0.835253894329071,0.8482812643051147,0.8613085746765137,0.8743359446525574,0.8873632550239563,0.900390625,0.9134179353713989,0.9264453053474426,0.9394726157188416,0.9524999856948853],"_type":"histogram","values":[60,60,60,0,0,0,0,60,0,60,60,0,60,0,0,120,0,120,0,60,0,0,0,0,0,0,0,0,60,60,0,0,0,60,120,180,0,60,120,60,0,0,120,180,60,60,60,60,120,60,0,0,0,0,120,60,0,0,0,0,0,0,0,60]},"_timestamp":1.7757311984781208e+09,"_step":50,"val_auc":0.4893918170307059,"lr":3.125e-05,"optimal_threshold":0.33294934034347534,"epoch":50,"train_mse":0.05686557509286707}