{"epoch":50,"_wandb":{"runtime":204},"_runtime":204,"val_acc":0.4795833333333333,"lr":1.953125e-06,"_timestamp":1.775572199633647e+09,"train_mse":4.10251186680548,"Label_Dist/S04":{"bins":[1,1.1242187023162842,1.248437523841858,1.372656226158142,1.4968750476837158,1.62109375,1.7453124523162842,1.869531273841858,1.993749976158142,2.117968797683716,2.2421875,2.366406202316284,2.4906249046325684,2.6148436069488525,2.739062547683716,2.86328125,2.987499952316284,3.1117186546325684,3.2359373569488525,3.360156297683716,3.484375,3.608593702316284,3.7328124046325684,3.8570311069488525,3.9812498092651367,4.10546875,4.229687213897705,4.353906154632568,4.478125095367432,4.602343559265137,4.7265625,4.850780963897705,4.974999904632568,5.099218845367432,5.223437309265137,5.34765625,5.471874713897705,5.596093654632568,5.720312595367432,5.844531059265137,5.96875,6.092968463897705,6.217187404632568,6.341406345367432,6.465624809265137,6.58984375,6.714062213897705,6.838281154632568,6.962499618530273,7.086718559265137,7.2109375,7.335155963897705,7.459374904632568,7.583593368530273,7.707812309265137,7.83203125,7.956249713897705,8.08046817779541,8.204687118530273,8.328906059265137,8.453125,8.577343940734863,8.70156192779541,8.825780868530273,8.949999809265137],"_type":"histogram","values":[180,0,0,0,0,0,360,60,120,120,0,0,60,120,0,60,60,60,0,0,0,0,0,0,120,60,0,0,0,0,0,60,120,0,0,0,0,0,0,0,180,120,0,0,0,60,0,120,120,60,60,0,0,0,0,0,0,60,0,0,0,0,0,60]},"_step":50}