{"val_acc":0.5004166666666666,"_step":50,"_runtime":236,"Label_Dist/S01":{"_type":"histogram","values":[60,0,0,0,60,120,60,180,0,60,0,60,60,120,0,120,60,0,0,0,60,60,60,60,0,0,0,0,0,60,0,60,0,0,0,0,0,0,0,0,0,0,0,0,0,60,60,60,120,180,120,0,0,60,0,0,120,120,0,0,60,0,60,60],"bins":[1.3600000143051147,1.4793750047683716,1.5987499952316284,1.7181249856948853,1.837499976158142,1.956874966621399,2.0762500762939453,2.195625066757202,2.315000057220459,2.434375047683716,2.5537500381469727,2.6731250286102295,2.7925000190734863,2.911875009536743,3.03125,3.150624990463257,3.2699999809265137,3.3893749713897705,3.5087499618530273,3.628124952316284,3.747499942779541,3.866874933242798,3.9862499237060547,4.105625152587891,4.224999904632568,4.344375133514404,4.463749885559082,4.583125114440918,4.702499866485596,4.821875095367432,4.941249847412109,5.060625076293945,5.179999828338623,5.299375057220459,5.418749809265137,5.538125038146973,5.65749979019165,5.776875019073486,5.896249771118164,6.015625,6.135000228881836,6.254374980926514,6.37375020980835,6.493124961853027,6.612500190734863,6.731874942779541,6.851250171661377,6.970624923706055,7.090000152587891,7.209374904632568,7.328750133514404,7.448124885559082,7.567500114440918,7.686874866485596,7.806250095367432,7.925624847412109,8.045000076293945,8.164375305175781,8.2837495803833,8.403124809265137,8.522500038146973,8.641875267028809,8.761249542236328,8.880624771118164,9]},"_wandb":{"runtime":236},"train_mse":3.912379499153583,"lr":3.125e-05,"_timestamp":1.7755715612794337e+09,"epoch":50}