{"_wandb":{"runtime":233},"_timestamp":1.7757281535331328e+09,"val_auc":0.4426850667803353,"lr":3.90625e-06,"epoch":50,"_runtime":233,"train_mse":0.05959048247624099,"val_acc":0.575,"_step":50,"Label_Dist/S06":{"_type":"histogram","values":[60,0,60,0,0,0,120,60,0,60,180,60,120,0,120,0,120,0,60,0,60,60,120,120,0,0,0,0,0,60,0,0,120,0,120,120,60,0,60,0,0,60,0,60,60,60,0,60,0,0,0,0,0,0,120,0,0,0,0,0,0,0,0,60],"bins":[0.1875,0.19876952469348907,0.21003906428813934,0.22130858898162842,0.2325781285762787,0.24384765326976776,0.25511717796325684,0.2663867175579071,0.2776562571525574,0.28892576694488525,0.3001953065395355,0.3114648461341858,0.32273438572883606,0.33400389552116394,0.3452734351158142,0.3565429747104645,0.36781251430511475,0.3790820240974426,0.3903515636920929,0.40162110328674316,0.41289061307907104,0.4241601526737213,0.4354296922683716,0.44669923186302185,0.45796874165534973,0.46923828125,0.48050782084465027,0.49177733063697815,0.5030468702316284,0.5143163800239563,0.525585949420929,0.5368554592132568,0.5481250286102295,0.5593945384025574,0.5706640481948853,0.5819336175918579,0.5932031273841858,0.6044726371765137,0.6157422065734863,0.6270117163658142,0.6382812261581421,0.6495507955551147,0.6608203053474426,0.6720898151397705,0.6833593845367432,0.694628894329071,0.7058984637260437,0.7171679735183716,0.7284374833106995,0.7397070527076721,0.7509765625,0.7622460722923279,0.7735156416893005,0.7847851514816284,0.7960546612739563,0.807324230670929,0.8185937404632568,0.8298632502555847,0.8411328196525574,0.8524023294448853,0.8636718988418579,0.8749414086341858,0.8862109184265137,0.8974804878234863,0.9087499976158142]},"optimal_threshold":Infinity}