{"val_auc":0.45605808800253245,"_wandb":{"runtime":202},"optimal_threshold":0.814631462097168,"lr":3.90625e-06,"_timestamp":1.7756402754319432e+09,"val_acc":0.33875,"train_mse":0.059810532032931386,"_runtime":202,"Label_Dist/S30":{"values":[180,0,0,0,0,0,0,0,0,0,60,120,180,120,60,0,0,0,0,0,0,0,0,0,540,180,60,0,0,0,0,0,0,0,0,0,60,120,120,60,0,0,0,0,0,0,0,0,0,180,120,120,0,0,0,0,0,0,0,0,60,0,0,60],"bins":[0.2462500035762787,0.25660157203674316,0.26695314049720764,0.27730467915534973,0.2876562476158142,0.2980078160762787,0.30835938453674316,0.31871095299720764,0.32906249165534973,0.3394140601158142,0.3497656285762787,0.36011719703674316,0.37046876549720764,0.38082030415534973,0.3911718726158142,0.4015234410762787,0.41187500953674316,0.42222657799720764,0.43257811665534973,0.4429296851158142,0.4532812535762787,0.46363282203674316,0.47398439049720764,0.48433592915534973,0.4946874976158142,0.5050390362739563,0.5153906345367432,0.5257421731948853,0.5360937714576721,0.5464453101158142,0.5567968487739563,0.5671484470367432,0.5774999856948853,0.5878515839576721,0.5982031226158142,0.6085546612739563,0.6189062595367432,0.6292577981948853,0.6396093964576721,0.6499609351158142,0.6603124737739563,0.6706640720367432,0.6810156106948853,0.6913672089576721,0.7017187476158142,0.7120702862739563,0.7224218845367432,0.7327734231948853,0.7431250214576721,0.7534765601158142,0.7638280987739563,0.7741796970367432,0.7845312356948853,0.7948828339576721,0.8052343726158142,0.8155859112739563,0.8259375095367432,0.8362890481948853,0.8466406464576721,0.8569921851158142,0.8673437237739563,0.8776953220367432,0.8880468606948853,0.8983984589576721,0.9087499976158142],"_type":"histogram"},"epoch":50,"_step":50}