{"val_auc":0.5890729890046296,"lambda_cls":2,"_timestamp":1.7758099503543684e+09,"epoch":50,"lr":7.8125e-06,"train_mse":0.05981901414129128,"val_acc":0.5208333333333334,"optimal_threshold":0.74775230884552,"_wandb":{"runtime":290},"_runtime":290,"Label_Dist/S08":{"_type":"histogram","values":[60,60,0,60,0,60,0,60,60,0,0,60,60,0,60,0,0,0,0,120,60,60,0,0,300,240,0,0,0,0,0,0,0,0,60,0,0,0,0,0,60,120,120,60,120,0,120,0,60,0,0,60,60,0,0,0,0,60,0,0,60,0,0,120],"bins":[0.2487500011920929,0.25898438692092896,0.2692187428474426,0.2794531285762787,0.28968751430511475,0.2999218702316284,0.3101562559604645,0.32039061188697815,0.3306249976158142,0.34085938334465027,0.35109373927116394,0.361328125,0.37156251072883606,0.38179686665534973,0.3920312523841858,0.40226563811302185,0.4124999940395355,0.4227343797683716,0.43296876549720764,0.4432031214237213,0.4534375071525574,0.46367186307907104,0.4739062488079071,0.48414063453674316,0.49437499046325684,0.5046094059944153,0.514843761920929,0.5250781178474426,0.5353124737739563,0.5455468893051147,0.5557812452316284,0.5660156011581421,0.5762500166893005,0.5864843726158142,0.5967187285423279,0.6069531440734863,0.6171875,0.6274218559265137,0.6376562714576721,0.6478906273841858,0.6581249833106995,0.6683593988418579,0.6785937547683716,0.6888281106948853,0.6990625262260437,0.7092968821525574,0.719531238079071,0.7297656536102295,0.7400000095367432,0.7502343654632568,0.7604687809944153,0.770703136920929,0.7809374928474426,0.7911718487739563,0.8014062643051147,0.8116406202316284,0.8218749761581421,0.8321093916893005,0.8423437476158142,0.8525781035423279,0.8628125190734863,0.873046875,0.8832812309265137,0.8935156464576721,0.9037500023841858]},"_step":50}