{"_wandb":{"runtime":195},"_runtime":195,"epoch":50,"lr":1.953125e-06,"Label_Dist/S18":{"bins":[2.9600000381469727,3.0346875190734863,3.109375,3.1840624809265137,3.2587499618530273,3.333437442779541,3.4081249237060547,3.4828124046325684,3.557499885559082,3.632187604904175,3.7068750858306885,3.781562566757202,3.856250047683716,3.9309375286102295,4.005624771118164,4.080312252044678,4.154999732971191,4.229687690734863,4.304375171661377,4.379062652587891,4.453750133514404,4.528437614440918,4.603125095367432,4.677812576293945,4.752500057220459,4.827187538146973,4.901875019073486,4.9765625,5.051249980926514,5.125937461853027,5.200624942779541,5.275312423706055,5.349999904632568,5.424687385559082,5.499374866485596,5.574062347412109,5.648749828338623,5.723437309265137,5.79812479019165,5.872812271118164,5.947499752044678,6.022187232971191,6.096874713897705,6.171562194824219,6.246249675750732,6.320937156677246,6.39562463760376,6.470312118530273,6.545000076293945,6.619687557220459,6.694375038146973,6.769062519073486,6.84375,6.918437480926514,6.993124961853027,7.067812442779541,7.142499923706055,7.217187404632568,7.291874885559082,7.366562366485596,7.441249847412109,7.515937328338623,7.590624809265137,7.66531229019165,7.739999771118164],"_type":"histogram","values":[60,0,0,60,0,0,0,0,0,0,60,0,60,60,60,60,0,60,0,120,60,60,60,0,0,60,0,120,60,0,60,0,0,60,60,0,60,0,0,60,60,120,60,120,0,120,0,60,60,120,0,0,60,0,120,0,0,0,120,0,0,0,0,60]},"_timestamp":1.7755750850101292e+09,"val_acc":0.35,"train_mse":4.096256295839946,"_step":50}