{"Label_Dist/S06":{"_type":"histogram","values":[60,0,120,0,60,0,0,0,60,0,0,0,60,0,60,0,0,0,0,120,0,120,180,0,0,0,0,0,0,60,0,60,0,0,0,0,0,0,120,0,60,0,60,60,60,60,0,180,120,60,0,0,60,60,120,60,60,60,60,0,0,60,0,120],"bins":[0.2887499928474426,0.29841795563697815,0.30808591842651367,0.3177539110183716,0.3274218738079071,0.3370898365974426,0.34675779938697815,0.35642579197883606,0.3660937547683716,0.3757617175579071,0.3854296803474426,0.39509764313697815,0.40476563572883606,0.4144335985183716,0.4241015613079071,0.4337695240974426,0.44343751668930054,0.45310547947883606,0.4627734422683716,0.4724414050579071,0.4821093678474426,0.49177736043930054,0.5014452934265137,0.5111132860183716,0.5207812786102295,0.5304492115974426,0.5401172041893005,0.5497851371765137,0.5594531297683716,0.5691211223602295,0.5787890553474426,0.5884570479393005,0.5981249809265137,0.6077929735183716,0.6174609661102295,0.6271288990974426,0.6367968916893005,0.6464648842811584,0.6561328172683716,0.6658008098602295,0.6754687428474426,0.6851367354393005,0.6948047280311584,0.7044726610183716,0.7141406536102295,0.7238085865974426,0.7334765791893005,0.7431445717811584,0.7528125047683716,0.7624804973602295,0.7721484303474426,0.7818164229393005,0.7914844155311584,0.8011523485183716,0.8108203411102295,0.8204883337020874,0.8301562666893005,0.8398242592811584,0.8494921922683716,0.8591601848602295,0.8688281774520874,0.8784961104393005,0.8881641030311584,0.8978320360183716,0.9075000286102295]},"train_mse":0.05926815707787001,"val_auc":0.5541148148148147,"_step":50,"_timestamp":1.7757196439747224e+09,"_wandb":{"runtime":236},"_runtime":236,"optimal_threshold":0.8376909494400024,"lr":1.5625e-05,"val_acc":0.5454166666666667,"epoch":50}