{"_timestamp":1.775576276026481e+09,"lr":7.8125e-06,"epoch":50,"train_mse":3.6952713900005696,"val_acc":0.525,"_wandb":{"runtime":195},"_step":50,"_runtime":195,"Label_Dist/S24":{"values":[120,0,0,0,0,0,0,60,60,60,0,0,0,0,0,60,240,60,0,0,0,0,0,60,540,0,0,0,0,0,0,0,180,0,0,0,0,0,0,60,240,0,0,0,0,0,0,0,420,0,0,0,0,0,0,0,120,0,0,0,0,0,0,120],"bins":[1,1.1243749856948853,1.2487499713897705,1.3731249570846558,1.497499942779541,1.6218750476837158,1.746250033378601,1.8706250190734863,1.9950000047683716,2.119374990463257,2.2437500953674316,2.3681249618530273,2.492500066757202,2.616874933242798,2.7412500381469727,2.8656249046325684,2.990000009536743,3.114375114440918,3.2387499809265137,3.3631250858306885,3.487499952316284,3.611875057220459,3.7362499237060547,3.8606250286102295,3.9850001335144043,4.109375,4.233749866485596,4.35812520980835,4.482500076293945,4.606874942779541,4.731249809265137,4.855625152587891,4.980000019073486,5.104374885559082,5.228750228881836,5.353125095367432,5.477499961853027,5.601874828338623,5.726250171661377,5.850625038146973,5.974999904632568,6.099375247955322,6.223750114440918,6.348124980926514,6.472499847412109,6.596875190734863,6.721250057220459,6.845624923706055,6.970000267028809,7.094375133514404,7.21875,7.343124866485596,7.46750020980835,7.591875076293945,7.716249942779541,7.840624809265137,7.965000152587891,8.089375495910645,8.213749885559082,8.338125228881836,8.462499618530273,8.586874961853027,8.711250305175781,8.835624694824219,8.960000038146973],"_type":"histogram"}}