{"val_auc":0.6525281954887218,"lr":7.8125e-06,"optimal_threshold":0.9381001591682434,"train_mse":0.060228882024634334,"_runtime":222,"_step":50,"_timestamp":1.775720315131351e+09,"val_acc":0.6008333333333333,"_wandb":{"runtime":222},"Label_Dist/S09":{"_type":"histogram","values":[180,180,60,60,0,0,0,0,0,0,0,0,120,360,60,0,0,0,0,0,0,0,0,0,60,300,240,0,0,0,0,0,0,0,0,0,0,120,120,60,60,0,0,0,0,0,0,0,0,60,240,60,0,0,0,0,0,0,0,0,0,0,0,60],"bins":[0.23999999463558197,0.2502148449420929,0.2604296803474426,0.27064451575279236,0.2808593809604645,0.2910742163658142,0.30128905177116394,0.31150391697883606,0.3217187523841858,0.3319335877895355,0.34214842319488525,0.3523632884025574,0.3625781238079071,0.37279295921325684,0.38300782442092896,0.3932226598262787,0.4034374952316284,0.41365233063697815,0.42386719584465027,0.43408203125,0.44429686665534973,0.45451173186302185,0.4647265672683716,0.4749414026737213,0.48515623807907104,0.49537110328674316,0.5055859684944153,0.5158007740974426,0.5260156393051147,0.5362304449081421,0.5464453101158142,0.5566601753234863,0.5668749809265137,0.5770898461341858,0.5873047113418579,0.5975195169448853,0.6077343821525574,0.6179492473602295,0.6281640529632568,0.638378918170929,0.6485937833786011,0.6588085889816284,0.6690234541893005,0.6792382597923279,0.689453125,0.6996679902076721,0.7098827958106995,0.7200976610183716,0.7303125262260437,0.740527331829071,0.7507421970367432,0.7609570622444153,0.7711718678474426,0.7813867330551147,0.7916015982627869,0.8018164038658142,0.8120312690734863,0.8222460746765137,0.8324609398841858,0.8426758050918579,0.8528906106948853,0.8631054759025574,0.8733203411102295,0.8835351467132568,0.893750011920929]},"epoch":50}