{"_timestamp":1.7757117652904062e+09,"val_acc":0.47625,"optimal_threshold":0.8678531050682068,"lr":1.5625e-05,"epoch":50,"val_auc":0.4577130325814536,"_runtime":211,"Label_Dist/S12":{"bins":[0,0.013964843936264515,0.02792968787252903,0.04189453274011612,0.05585937574505806,0.06982421875,0.08378906548023224,0.09775390475988388,0.11171875149011612,0.12568359076976776,0.1396484375,0.15361328423023224,0.16757813096046448,0.18154297769069672,0.19550780951976776,0.20947265625,0.22343750298023224,0.23740234971046448,0.2513671815395355,0.26533204317092896,0.279296875,0.29326173663139343,0.3072265684604645,0.3211914002895355,0.33515626192092896,0.34912109375,0.36308595538139343,0.3770507872104645,0.3910156190395355,0.40498048067092896,0.4189453125,0.43291017413139343,0.4468750059604645,0.4608398377895355,0.47480469942092896,0.48876953125,0.502734363079071,0.5166992545127869,0.5306640863418579,0.544628918170929,0.55859375,0.572558581829071,0.5865234732627869,0.6004883050918579,0.614453136920929,0.62841796875,0.642382800579071,0.6563476920127869,0.6703125238418579,0.684277355670929,0.6982421875,0.712207019329071,0.7261719107627869,0.7401367425918579,0.754101574420929,0.76806640625,0.782031238079071,0.7959961295127869,0.8099609613418579,0.823925793170929,0.837890625,0.851855456829071,0.8658203482627869,0.8797851800918579,0.893750011920929],"_type":"histogram","values":[60,60,0,0,0,60,60,60,60,0,60,0,0,0,0,60,180,0,0,120,60,60,0,0,0,0,60,60,0,0,0,0,0,0,120,0,240,0,0,0,0,0,0,0,0,120,0,0,0,0,60,60,180,60,120,0,180,0,0,0,60,0,120,60]},"train_mse":0.05782870170612311,"_wandb":{"runtime":211},"_step":50}