{"lr":3.90625e-06,"val_acc":0.3829166666666667,"Label_Dist/S18":{"values":[120,0,60,0,0,0,0,0,0,0,0,120,120,60,120,0,120,60,0,60,60,0,0,0,0,0,0,0,60,60,0,120,60,0,60,60,0,0,180,120,60,60,0,0,0,0,60,180,0,60,60,60,60,0,0,60,0,0,0,0,60,0,0,60],"bins":[0.25999999046325684,0.26955077052116394,0.27910155057907104,0.28865233063697815,0.29820311069488525,0.30775389075279236,0.31730467081069946,0.32685545086860657,0.33640623092651367,0.3459570109844208,0.3555077910423279,0.365058571100235,0.3746093511581421,0.3841601312160492,0.3937109112739563,0.4032616913318634,0.4128124713897705,0.42236328125,0.4319140613079071,0.4414648413658142,0.4510156214237213,0.4605664014816284,0.4701171815395355,0.4796679615974426,0.48921874165534973,0.49876952171325684,0.5083202719688416,0.517871081829071,0.5274218320846558,0.5369726419448853,0.54652339220047,0.5560742020606995,0.5656249523162842,0.5751757621765137,0.5847265720367432,0.5942773222923279,0.6038281321525574,0.6133788824081421,0.6229296922683716,0.6324804425239563,0.6420312523841858,0.6515820026397705,0.6611328125,0.6706835627555847,0.6802343726158142,0.6897851228713989,0.6993359327316284,0.7088866829872131,0.7184374928474426,0.7279882431030273,0.7375390529632568,0.7470898032188416,0.756640613079071,0.7661913633346558,0.7757421731948853,0.78529292345047,0.7948437333106995,0.8043944835662842,0.8139452934265137,0.8234960436820984,0.8330468535423279,0.8425976037979126,0.8521484136581421,0.8616991639137268,0.8712499737739563],"_type":"histogram"},"_step":50,"_timestamp":1.7756446886044202e+09,"train_mse":0.0609870988529982,"_runtime":195,"optimal_threshold":0.5242771506309509,"val_auc":0.4563562962962963,"epoch":50,"_wandb":{"runtime":195}}