{"_runtime":210,"lr":3.90625e-06,"epoch":50,"_wandb":{"runtime":210},"_timestamp":1.7755730396714098e+09,"train_mse":3.896790168539355,"val_acc":0.4525,"Label_Dist/S08":{"values":[60,60,60,0,0,0,0,0,0,0,0,0,0,60,0,0,60,0,0,0,120,60,0,0,60,120,60,120,0,120,0,120,420,0,0,0,0,0,0,0,0,0,0,60,0,60,60,120,0,0,60,0,60,60,0,0,60,0,60,60,60,60,0,120],"bins":[1.2100000381469727,1.3289062976837158,1.447812557220459,1.5667188167572021,1.6856250762939453,1.804531216621399,1.923437476158142,2.042343854904175,2.161250114440918,2.280156135559082,2.399062395095825,2.5179686546325684,2.6368749141693115,2.7557811737060547,2.874687433242798,2.993593692779541,3.112499952316284,3.2314062118530273,3.3503124713897705,3.4692187309265137,3.588124990463257,3.70703125,3.825937509536743,3.9448437690734863,4.06374979019165,4.182656288146973,4.301562309265137,4.420468807220459,4.539374828338623,4.658281326293945,4.777187347412109,4.896093845367432,5.014999866485596,5.13390588760376,5.252812385559082,5.371718406677246,5.490624904632568,5.609530925750732,5.728437423706055,5.847343444824219,5.966249942779541,6.085155963897705,6.204062461853027,6.322968482971191,6.441874980926514,6.560781002044678,6.6796875,6.798593521118164,6.917499542236328,7.03640604019165,7.1553120613098145,7.274218559265137,7.393124580383301,7.512031078338623,7.630937099456787,7.749843597412109,7.868749618530273,7.987656116485596,8.106562614440918,8.225468635559082,8.344374656677246,8.46328067779541,8.58218765258789,8.701093673706055,8.819999694824219],"_type":"histogram"},"_step":50}