{"lr":7.8125e-06,"train_mse":0.05800387989153567,"_runtime":191,"val_acc":0.34125,"_step":50,"_wandb":{"runtime":191},"val_auc":0.5165373977873977,"Label_Dist/S24":{"bins":[0.125,0.13683593273162842,0.14867188036441803,0.16050781309604645,0.17234374582767487,0.18417969346046448,0.1960156261920929,0.2078515589237213,0.21968749165534973,0.23152343928813934,0.24335937201976776,0.2551953196525574,0.2670312523841858,0.2788671851158142,0.2907031178474426,0.30253905057907104,0.31437498331069946,0.32621094584465027,0.3380468785762787,0.3498828113079071,0.3617187440395355,0.37355467677116394,0.38539060950279236,0.39722657203674316,0.4090625047683716,0.4208984375,0.4327343702316284,0.44457030296325684,0.45640623569488525,0.46824219822883606,0.4800781309604645,0.4919140636920929,0.5037499666213989,0.5155859589576721,0.5274218916893005,0.539257824420929,0.5510937571525574,0.5629296898841858,0.5747656226158142,0.5866015553474426,0.598437488079071,0.6102734208106995,0.6221093535423279,0.6339452862739563,0.6457812190055847,0.6576172113418579,0.6694531440734863,0.6812890768051147,0.6931250095367432,0.7049609422683716,0.716796875,0.7286328077316284,0.7404687404632568,0.7523046731948853,0.7641406059265137,0.7759765386581421,0.7878124713897705,0.7996484041213989,0.8114843964576721,0.8233203291893005,0.835156261920929,0.8469921946525574,0.8588281273841858,0.8706640601158142,0.8824999928474426],"_type":"histogram","values":[60,0,0,0,0,0,0,0,0,0,120,60,0,0,0,0,0,0,0,0,0,60,0,0,0,0,0,0,0,0,0,240,240,0,0,0,0,0,0,0,0,120,600,180,0,0,0,0,0,0,0,0,180,120,60,0,0,0,0,0,0,0,60,300]},"_timestamp":1.775645857205389e+09,"optimal_threshold":0.47019311785697937,"epoch":50}