{"optimal_threshold":0.6723144054412842,"train_mse":0.05910227297968471,"val_acc":0.5975,"epoch":50,"Label_Dist/S19":{"bins":[0.07750000059604645,0.08955077826976776,0.10160156339406967,0.11365234106779099,0.1257031261920929,0.1377539038658142,0.14980468153953552,0.16185547411441803,0.17390625178813934,0.18595702946186066,0.19800780713558197,0.21005859971046448,0.2221093773841858,0.2341601550579071,0.24621093273162842,0.25826171040534973,0.27031248807907104,0.28236326575279236,0.29441407322883606,0.3064648509025574,0.3185156285762787,0.33056640625,0.3426171839237213,0.3546679615974426,0.36671873927116394,0.37876951694488525,0.39082032442092896,0.40287110209465027,0.4149218797683716,0.4269726574420929,0.4390234351158142,0.4510742127895355,0.46312499046325684,0.47517576813697815,0.48722654581069946,0.49927735328674316,0.5113281011581421,0.5233789086341858,0.5354296565055847,0.5474804639816284,0.5595312714576721,0.571582019329071,0.5836328268051147,0.5956835746765137,0.6077343821525574,0.6197851300239563,0.6318359375,0.6438867449760437,0.6559374928474426,0.6679883003234863,0.6800390481948853,0.692089855670929,0.7041406035423279,0.7161914110183716,0.7282421588897705,0.7402929663658142,0.7523437738418579,0.7643945217132568,0.7764453291893005,0.7884960770606995,0.8005468845367432,0.8125976324081421,0.8246484398841858,0.8366991877555847,0.8487499952316284],"_type":"histogram","values":[60,0,0,0,0,120,0,0,0,0,0,0,120,0,0,60,180,0,60,0,0,60,60,0,0,0,60,60,0,0,0,0,0,0,180,240,0,0,0,0,0,0,60,120,0,0,60,60,60,0,60,0,60,120,0,0,60,0,0,60,120,60,60,180]},"lr":7.8125e-06,"_timestamp":1.775722573106972e+09,"_step":50,"_wandb":{"runtime":229},"_runtime":229,"val_auc":0.623247371412333}