{"Label_Dist/S30":{"values":[60,0,0,0,0,0,0,0,0,0,0,0,0,0,0,0,0,0,0,60,180,60,0,0,0,0,0,0,0,0,180,300,60,0,0,0,0,0,0,0,0,360,300,0,0,0,0,0,0,0,0,120,180,180,60,0,0,0,0,0,0,60,120,120],"bins":[0,0.011992187239229679,0.023984374478459358,0.03597656264901161,0.047968748956918716,0.05996093526482582,0.07195312529802322,0.08394531160593033,0.09593749791383743,0.10792968422174454,0.11992187052965164,0.13191406428813934,0.14390625059604645,0.15589843690395355,0.16789062321186066,0.17988280951976776,0.19187499582767487,0.20386718213558197,0.21585936844348907,0.22785155475139618,0.23984374105930328,0.2518359422683716,0.2638281285762787,0.2758203148841858,0.2878125011920929,0.2998046875,0.3117968738079071,0.3237890601158142,0.3357812464237213,0.3477734327316284,0.3597656190395355,0.3717578053474426,0.38374999165534973,0.39574217796325684,0.40773436427116394,0.41972655057907104,0.43171873688697815,0.44371092319488525,0.45570310950279236,0.46769529581069946,0.47968748211860657,0.49167966842651367,0.5036718845367432,0.5156640410423279,0.5276562571525574,0.5396484136581421,0.5516406297683716,0.5636327862739563,0.5756250023841858,0.5876171588897705,0.599609375,0.6116015315055847,0.6235937476158142,0.6355859041213989,0.6475781202316284,0.6595702767372131,0.6715624928474426,0.6835546493530273,0.6955468654632568,0.7075390219688416,0.719531238079071,0.7315233945846558,0.7435156106948853,0.75550776720047,0.7674999833106995],"_type":"histogram"},"train_mse":0.057452606306094486,"lr":7.8125e-06,"val_auc":0.5141951388888889,"_runtime":219,"_timestamp":1.775733749627705e+09,"_step":50,"val_acc":0.52125,"epoch":50,"_wandb":{"runtime":219},"optimal_threshold":0.4504157602787018}