{"val_acc":0.22958333333333333,"_timestamp":1.7756416874755313e+09,"val_auc":0.4193028428819444,"lr":3.90625e-06,"Label_Dist/S03":{"values":[60,60,0,60,0,0,0,60,60,0,60,60,0,120,0,0,60,120,120,240,120,0,0,0,60,180,0,60,0,120,180,60,60,0,0,0,60,0,0,0,120,0,60,0,0,60,60,0,60,0,0,0,0,0,0,0,0,0,0,0,0,0,0,60],"bins":[0,0.013906249776482582,0.027812499552965164,0.041718751192092896,0.05562499910593033,0.06953124701976776,0.08343750238418579,0.09734375029802322,0.11124999821186066,0.1251562535762787,0.13906249403953552,0.15296874940395355,0.16687500476837158,0.18078124523162842,0.19468750059604645,0.20859374105930328,0.2224999964237213,0.23640625178813934,0.2503125071525574,0.2642187476158142,0.27812498807907104,0.29203125834465027,0.3059374988079071,0.31984373927116394,0.33375000953674316,0.34765625,0.36156249046325684,0.37546873092651367,0.3893750011920929,0.40328124165534973,0.41718748211860657,0.4310937523841858,0.4449999928474426,0.45890623331069946,0.4728125035762787,0.4867187440395355,0.5006250143051147,0.5145312547683716,0.5284374952316284,0.5423437356948853,0.5562499761581421,0.5701562166213989,0.5840625166893005,0.5979687571525574,0.6118749976158142,0.625781238079071,0.6396874785423279,0.6535937190055847,0.6675000190734863,0.6814062595367432,0.6953125,0.7092187404632568,0.7231249809265137,0.7370312213897705,0.7509374618530273,0.764843761920929,0.7787500023841858,0.7926562428474426,0.8065624833106995,0.8204687237739563,0.8343749642372131,0.8482812643051147,0.8621875047683716,0.8760937452316284,0.8899999856948853],"_type":"histogram"},"optimal_threshold":0.47906729578971863,"train_mse":0.058286169787094354,"_runtime":193,"_step":50,"epoch":50,"_wandb":{"runtime":193}}