{"val_acc":0.46791666666666665,"_runtime":203,"_step":50,"epoch":50,"train_mse":3.5619794060684153,"lr":1.5625e-05,"_timestamp":1.775573456854113e+09,"_wandb":{"runtime":203},"Label_Dist/S10":{"_type":"histogram","values":[60,0,0,0,120,0,120,0,0,0,60,0,120,60,0,0,0,0,60,0,60,120,0,60,120,0,0,0,0,120,120,0,0,120,0,60,60,120,120,0,0,0,0,0,60,60,0,60,60,120,0,60,0,0,120,0,0,0,0,0,0,0,60,120],"bins":[1.3799999952316284,1.4989062547683716,1.6178125143051147,1.736718773841858,1.855625033378601,1.9745311737060547,2.093437433242798,2.212343692779541,2.331249952316284,2.4501562118530273,2.5690624713897705,2.6879687309265137,2.806874990463257,2.92578125,3.044687509536743,3.1635937690734863,3.2825000286102295,3.4014062881469727,3.520312547683716,3.63921856880188,3.758124828338623,3.877031087875366,3.9959373474121094,4.114843845367432,4.233749866485596,4.352656364440918,4.471562385559082,4.590468883514404,4.709374904632568,4.828280925750732,4.947187423706055,5.066093444824219,5.184999942779541,5.303905963897705,5.422812461853027,5.541718482971191,5.660624980926514,5.779531002044678,5.8984375,6.017343521118164,6.136250019073486,6.25515604019165,6.374062538146973,6.492968559265137,6.611875057220459,6.730781078338623,6.849687099456787,6.968593597412109,7.087499618530273,7.206406116485596,7.32531213760376,7.444218635559082,7.563124656677246,7.682031154632568,7.800937175750732,7.919843673706055,8.038749694824219,8.157655715942383,8.276562690734863,8.395468711853027,8.514374732971191,8.633280754089355,8.752187728881836,8.87109375,8.989999771118164]}}