{"train_mse":4.125755654167883,"_wandb":{"runtime":212},"epoch":50,"_timestamp":1.775631969215289e+09,"val_acc":0.5679166666666666,"Label_Dist/S28":{"bins":[1.0099999904632568,1.1348437070846558,1.2596875429153442,1.3845312595367432,1.509374976158142,1.634218692779541,1.7590625286102295,1.8839062452316284,2.0087499618530273,2.133593797683716,2.258437395095825,2.3832812309265137,2.508125066757202,2.6329686641693115,2.7578125,2.8826563358306885,3.007499933242798,3.1323437690734863,3.257187604904175,3.382031202316284,3.5068750381469727,3.631718635559082,3.7565624713897705,3.881406307220459,4.006249904632568,4.131093978881836,4.255937576293945,4.380781173706055,4.505624771118164,4.630468845367432,4.755312442779541,4.88015604019165,5.005000114440918,5.129843711853027,5.254687309265137,5.379531383514404,5.504374980926514,5.629218578338623,5.754062652587891,5.87890625,6.003749847412109,6.128593921661377,6.253437519073486,6.378281116485596,6.503125190734863,6.627968788146973,6.752812385559082,6.87765645980835,7.002500057220459,7.127343654632568,7.252187728881836,7.377031326293945,7.501874923706055,7.626718521118164,7.751562595367432,7.876406192779541,8.001250267028809,8.126093864440918,8.250937461853027,8.375781059265137,8.500624656677246,8.625469207763672,8.750312805175781,8.87515640258789,9],"_type":"histogram","values":[180,0,0,0,0,0,0,180,240,0,0,0,0,0,0,60,120,0,0,0,0,0,0,0,120,0,0,0,0,0,0,0,180,0,0,0,0,0,0,60,120,0,0,0,0,0,0,180,420,0,0,0,0,0,0,120,300,60,0,0,0,0,0,60]},"lr":1.953125e-06,"_step":50,"_runtime":212}