{"_wandb":{"runtime":203},"epoch":50,"train_mse":0.05698619765642377,"_timestamp":1.7757101144131436e+09,"_step":50,"val_auc":0.5245486111111111,"_runtime":203,"Label_Dist/S04":{"values":[180,0,0,0,0,0,360,60,120,120,0,0,60,120,0,60,60,60,0,0,0,0,0,0,120,60,0,0,0,0,0,60,120,0,0,0,0,0,0,0,180,120,0,0,0,60,0,120,120,60,60,0,0,0,0,0,0,60,0,0,0,0,0,60],"bins":[0,0.01552734337747097,0.03105468675494194,0.04658202826976776,0.06210937350988388,0.07763671875,0.09316405653953552,0.10869140177965164,0.12421874701976776,0.13974608480930328,0.1552734375,0.17080077528953552,0.18632811307907104,0.20185546576976776,0.21738280355930328,0.23291015625,0.24843749403953552,0.26396483182907104,0.27949216961860657,0.2950195372104645,0.310546875,0.3260742127895355,0.34160155057907104,0.35712888836860657,0.3726562261581421,0.38818359375,0.4037109315395355,0.41923826932907104,0.43476560711860657,0.4502929449081421,0.4658203125,0.4813476502895355,0.49687498807907104,0.512402355670929,0.5279296636581421,0.54345703125,0.5589843392372131,0.574511706829071,0.590039074420929,0.6055663824081421,0.62109375,0.6366210579872131,0.652148425579071,0.667675793170929,0.6832031011581421,0.69873046875,0.7142577767372131,0.729785144329071,0.7453124523162842,0.7608398199081421,0.7763671875,0.7918944954872131,0.807421863079071,0.8229491710662842,0.8384765386581421,0.85400390625,0.8695312142372131,0.885058581829071,0.9005858898162842,0.9161132574081421,0.931640625,0.9471679329872131,0.962695300579071,0.9782226085662842,0.9937499761581421],"_type":"histogram"},"val_acc":0.5695833333333333,"optimal_threshold":0.5953799486160278,"lr":7.8125e-06}