{"optimal_threshold":0.45959657430648804,"lr":3.90625e-06,"_timestamp":1.7757107253143704e+09,"epoch":50,"Label_Dist/S07":{"bins":[0.12125000357627869,0.13322265446186066,0.14519532024860382,0.1571679711341858,0.16914062201976776,0.18111328780651093,0.1930859386920929,0.20505858957767487,0.21703125536441803,0.22900390625,0.24097655713558197,0.25294920802116394,0.2649218738079071,0.27689453959465027,0.28886717557907104,0.3008398413658142,0.3128125071525574,0.32478514313697815,0.3367578089237213,0.3487304747104645,0.36070311069488525,0.3726757764816284,0.3846484422683716,0.39662107825279236,0.4085937440395355,0.4205664098262787,0.43253904581069946,0.4445117115974426,0.4564843773841858,0.46845701336860657,0.48042967915534973,0.4924023449420929,0.5043749809265137,0.5163476467132568,0.5283203125,0.5402929782867432,0.5522656440734863,0.5642382502555847,0.5762109160423279,0.588183581829071,0.6001562476158142,0.6121289134025574,0.6241015791893005,0.6360741853713989,0.6480468511581421,0.6600195169448853,0.6719921827316284,0.6839648485183716,0.6959375143051147,0.7079101204872131,0.7198827862739563,0.7318554520606995,0.7438281178474426,0.7558007836341858,0.767773449420929,0.7797460556030273,0.7917187213897705,0.8036913871765137,0.8156640529632568,0.82763671875,0.8396093845367432,0.8515819907188416,0.8635546565055847,0.8755273222923279,0.887499988079071],"_type":"histogram","values":[180,0,0,0,0,0,0,0,0,0,120,180,60,0,0,0,0,0,0,0,0,60,0,0,0,0,0,0,0,0,0,240,60,0,0,0,0,0,0,0,0,0,0,60,0,0,0,0,0,0,0,0,600,480,60,0,0,0,0,0,0,0,120,180]},"val_acc":0.6216666666666667,"_runtime":200,"train_mse":0.0592857524176541,"_wandb":{"runtime":200},"_step":50,"val_auc":0.6359428736772487}