{"_runtime":201,"train_mse":3.781999883782823,"_wandb":{"runtime":201},"lr":1.5625e-05,"_step":50,"Label_Dist/S19":{"bins":[1.6200000047683716,1.716406226158142,1.8128124475479126,1.9092187881469727,2.005625009536743,2.1020312309265137,2.198437452316284,2.2948436737060547,2.391249895095825,2.487656354904175,2.5840625762939453,2.680468797683716,2.7768750190734863,2.873281240463257,2.9696874618530273,3.066093683242798,3.1624999046325684,3.258906126022339,3.3553125858306885,3.451718807220459,3.5481250286102295,3.64453125,3.7409374713897705,3.837343692779541,3.9337499141693115,4.030156135559082,4.126562595367432,4.222968578338623,4.319375038146973,4.415781021118164,4.512187480926514,4.608593940734863,4.704999923706055,4.801406383514404,4.897812366485596,4.994218826293945,5.090624809265137,5.187031269073486,5.283437252044678,5.379843711853027,5.476250171661377,5.572656154632568,5.669062614440918,5.765468597412109,5.861875057220459,5.95828104019165,6.0546875,6.15109395980835,6.247499942779541,6.343906402587891,6.440312385559082,6.536718845367432,6.633124828338623,6.729531288146973,6.825937271118164,6.922343730926514,7.018750190734863,7.115156173706055,7.211562633514404,7.307968616485596,7.404375076293945,7.500781059265137,7.597187519073486,7.693593502044678,7.789999961853027],"_type":"histogram","values":[60,0,0,0,0,120,0,0,0,0,0,0,120,0,0,60,180,0,60,0,0,60,60,0,0,0,60,60,0,0,0,0,0,0,180,240,0,0,0,0,0,0,60,120,0,0,60,60,60,0,60,0,60,120,0,0,60,0,0,60,120,60,60,180]},"_timestamp":1.775627351739087e+09,"val_acc":0.49,"epoch":50}