{"_runtime":6,"_step":0,"Label_Dist/S28":{"bins":[0.0012499999720603228,0.016855468973517418,0.03246093913912773,0.048066407442092896,0.06367187201976776,0.07927734404802322,0.09488281607627869,0.11048828065395355,0.12609374523162842,0.14169922471046448,0.15730468928813934,0.1729101538658142,0.18851561844348907,0.20412109792232513,0.2197265625,0.23533202707767487,0.25093749165534973,0.2665429711341858,0.28214845061302185,0.2977539002895355,0.3133593797683716,0.32896482944488525,0.3445703089237213,0.3601757884025574,0.37578123807907104,0.3913867175579071,0.40699219703674316,0.42259764671325684,0.4382031261920929,0.45380860567092896,0.4694140553474426,0.4850195348262787,0.5006250143051147,0.5162304639816284,0.5318359136581421,0.5474414229393005,0.5630468726158142,0.5786523222923279,0.5942578315734863,0.60986328125,0.6254687309265137,0.6410742402076721,0.6566796898841858,0.6722851395606995,0.6878906488418579,0.7034960985183716,0.7191015481948853,0.7347070574760437,0.7503125071525574,0.765917956829071,0.7815234661102295,0.7971289157867432,0.8127343654632568,0.8283398151397705,0.843945324420929,0.8595507740974426,0.8751562237739563,0.8907617330551147,0.9063671827316284,0.9219726324081421,0.9375781416893005,0.9531835913658142,0.9687890410423279,0.9843945503234863,1],"_type":"histogram","values":[180,0,0,0,0,0,0,180,240,0,0,0,0,0,0,60,120,0,0,0,0,0,0,0,120,0,0,0,0,0,0,0,180,0,0,0,0,0,0,60,120,0,0,0,0,0,0,180,420,0,0,0,0,0,0,120,300,60,0,0,0,0,0,60]},"_timestamp":1.7756335724547648e+09,"_wandb":{"runtime":6}}