{"optimal_threshold":0.7164340019226074,"val_auc":0.5291796296296296,"epoch":50,"_step":50,"_runtime":196,"train_mse":0.057800908371345286,"val_acc":0.6045833333333334,"_timestamp":1.775709706375386e+09,"lr":3.90625e-06,"_wandb":{"runtime":196},"Label_Dist/S02":{"bins":[0,0.015625,0.03125,0.046875,0.0625,0.078125,0.09375,0.109375,0.125,0.140625,0.15625,0.171875,0.1875,0.203125,0.21875,0.234375,0.25,0.265625,0.28125,0.296875,0.3125,0.328125,0.34375,0.359375,0.375,0.390625,0.40625,0.421875,0.4375,0.453125,0.46875,0.484375,0.5,0.515625,0.53125,0.546875,0.5625,0.578125,0.59375,0.609375,0.625,0.640625,0.65625,0.671875,0.6875,0.703125,0.71875,0.734375,0.75,0.765625,0.78125,0.796875,0.8125,0.828125,0.84375,0.859375,0.875,0.890625,0.90625,0.921875,0.9375,0.953125,0.96875,0.984375,1],"_type":"histogram","values":[360,0,0,0,0,0,0,60,60,0,0,0,0,0,0,60,0,0,0,0,0,0,0,0,120,0,0,0,0,0,60,180,300,0,0,0,0,0,0,0,180,0,0,0,0,0,0,0,120,0,0,0,0,0,0,0,120,0,0,0,0,0,0,780]}}