{"_timestamp":1.7756429008685002e+09,"train_mse":0.06137782703969896,"epoch":50,"_runtime":198,"val_acc":0.5416666666666666,"optimal_threshold":0.5488107204437256,"val_auc":0.600277037037037,"_wandb":{"runtime":198},"Label_Dist/S09":{"values":[180,300,120,60,0,0,0,0,0,0,0,0,0,0,0,0,0,0,0,0,300,240,0,0,0,0,0,0,0,0,0,0,0,0,0,0,0,0,0,0,120,180,240,240,60,0,0,0,0,0,0,0,0,0,0,0,0,0,0,0,60,60,120,120],"bins":[0.3700000047683716,0.37621092796325684,0.3824218809604645,0.38863280415534973,0.3948437571525574,0.4010546803474426,0.40726563334465027,0.4134765565395355,0.41968750953674316,0.4258984327316284,0.43210938572883606,0.4383203089237213,0.44453126192092896,0.4507421851158142,0.45695313811302185,0.4631640613079071,0.46937501430511475,0.4755859375,0.48179686069488525,0.4880078136920929,0.49421873688697815,0.5004296898841858,0.506640613079071,0.5128515362739563,0.5190625190734863,0.5252734422683716,0.5314843654632568,0.5376952886581421,0.5439062714576721,0.5501171946525574,0.5563281178474426,0.5625390410423279,0.5687500238418579,0.5749609470367432,0.5811718702316284,0.5873827934265137,0.5935937166213989,0.599804699420929,0.6060156226158142,0.6122265458106995,0.6184374690055847,0.6246484518051147,0.630859375,0.6370702981948853,0.6432812213897705,0.6494922041893005,0.6557031273841858,0.661914050579071,0.6681249737739563,0.6743358969688416,0.6805468797683716,0.6867578029632568,0.6929687261581421,0.6991796493530273,0.7053906321525574,0.7116015553474426,0.7178124785423279,0.7240234017372131,0.7302343845367432,0.7364453077316284,0.7426562309265137,0.7488671541213989,0.755078136920929,0.7612890601158142,0.7674999833106995],"_type":"histogram"},"lr":1.5625e-05,"_step":50}