{"train_mse":0.057771442733269784,"_runtime":280,"_step":50,"lr":3.90625e-06,"val_acc":0.3333333333333333,"val_auc":0.4333796296296296,"Label_Dist/S14":{"bins":[0.16500000655651093,0.17615234851837158,0.18730469048023224,0.1984570324420929,0.20960938930511475,0.2207617312669754,0.23191407322883606,0.24306641519069672,0.2542187571525574,0.2653711140155792,0.2765234410762787,0.28767579793930054,0.298828125,0.30998048186302185,0.3211328089237213,0.33228516578674316,0.343437522649765,0.3545898497104645,0.36574220657348633,0.3768945336341858,0.38804689049720764,0.3991992175579071,0.41035157442092896,0.4215039312839508,0.43265625834465027,0.4438086152076721,0.4549609422683716,0.46611329913139343,0.4772656261920929,0.48841798305511475,0.4995703399181366,0.5107226967811584,0.5218750238418579,0.5330273509025574,0.5441796779632568,0.5553320646286011,0.5664843916893005,0.57763671875,0.5887891054153442,0.5999414324760437,0.6110937595367432,0.6222460865974426,0.6333984732627869,0.6445508003234863,0.6557031273841858,0.66685551404953,0.6780078411102295,0.689160168170929,0.7003124952316284,0.7114648818969727,0.7226172089576721,0.7337695360183716,0.7449219226837158,0.7560742497444153,0.7672265768051147,0.7783789038658142,0.7895312905311584,0.8006836175918579,0.8118359446525574,0.8229883313179016,0.8341406583786011,0.8452929854393005,0.8564453125,0.8675976991653442,0.8787500262260437],"_type":"histogram","values":[120,0,0,60,0,0,0,60,120,180,0,120,0,0,0,0,0,0,0,0,0,60,60,0,0,0,0,0,0,0,0,0,0,0,0,60,0,0,60,60,300,0,120,240,0,0,60,0,120,60,120,60,0,120,0,0,0,60,0,0,0,60,60,60]},"optimal_threshold":0.7643100023269653,"lambda_cls":2,"_wandb":{"runtime":280},"_timestamp":1.7758116831063907e+09,"epoch":50}