{"_runtime":221,"_step":50,"_wandb":{"runtime":221},"_timestamp":1.7757236758457758e+09,"epoch":50,"val_auc":0.5219416597048177,"optimal_threshold":0.9613869786262512,"Label_Dist/S24":{"_type":"histogram","values":[120,0,0,0,0,0,0,60,60,60,0,0,0,0,0,60,240,60,0,0,0,0,0,60,540,0,0,0,0,0,0,0,180,0,0,0,0,0,0,60,240,0,0,0,0,0,0,0,420,0,0,0,0,0,0,0,120,0,0,0,0,0,0,120],"bins":[0,0.015546875074505806,0.031093750149011612,0.04664062708616257,0.062187500298023224,0.07773437350988388,0.09328125417232513,0.10882812738418579,0.12437500059604645,0.1399218738079071,0.15546874701976776,0.17101562023162842,0.18656250834465027,0.20210938155651093,0.21765625476837158,0.23320312798023224,0.2487500011920929,0.26429688930511475,0.2798437476158142,0.29539063572883606,0.3109374940395355,0.3264843821525574,0.34203124046325684,0.3575781285762787,0.37312501668930054,0.388671875,0.40421876311302185,0.4197656214237213,0.43531250953674316,0.4508593678474426,0.4664062559604645,0.48195311427116394,0.4975000023841858,0.5130468606948853,0.5285937786102295,0.544140636920929,0.5596874952316284,0.5752343535423279,0.5907812714576721,0.6063281297683716,0.621874988079071,0.6374219059944153,0.6529687643051147,0.6685156226158142,0.6840624809265137,0.6996093988418579,0.7151562571525574,0.7307031154632568,0.7462500333786011,0.7617968916893005,0.77734375,0.7928906083106995,0.8084375262260437,0.8239843845367432,0.8395312428474426,0.8550781011581421,0.8706250190734863,0.8861718773841858,0.9017187356948853,0.9172656536102295,0.932812511920929,0.9483593702316284,0.9639062285423279,0.9794531464576721,0.9950000047683716]},"train_mse":0.058254252920804155,"lr":7.8125e-06,"val_acc":0.5379166666666667}