{"epoch":50,"lr":3.90625e-06,"_timestamp":1.7755726118881583e+09,"_wandb":{"runtime":204},"Label_Dist/S06":{"_type":"histogram","values":[60,0,120,0,60,0,0,0,60,0,0,0,60,0,60,0,0,0,0,120,0,120,180,0,0,0,0,0,0,60,0,60,0,0,0,0,0,0,120,0,60,0,60,60,60,60,0,180,120,60,0,0,60,60,120,60,60,60,60,0,0,60,0,120],"bins":[3.309999942779541,3.387343645095825,3.4646873474121094,3.5420312881469727,3.619374990463257,3.696718692779541,3.774062395095825,3.8514063358306885,3.9287500381469727,4.006093502044678,4.083437442779541,4.160781383514404,4.238124847412109,4.315468788146973,4.392812728881836,4.470156192779541,4.547500133514404,4.624843597412109,4.702187538146973,4.779531478881836,4.856874942779541,4.934218883514404,5.011562347412109,5.088906288146973,5.166250228881836,5.243593692779541,5.320937633514404,5.398281097412109,5.475625038146973,5.552968978881836,5.630312442779541,5.707656383514404,5.784999847412109,5.862343788146973,5.939687728881836,6.017031192779541,6.094375133514404,6.171719074249268,6.249062538146973,6.326406478881836,6.403749942779541,6.481093883514404,6.558437824249268,6.635781288146973,6.713125228881836,6.790468692779541,6.867812633514404,6.945156574249268,7.022500038146973,7.099843978881836,7.177187442779541,7.254531383514404,7.331875324249268,7.409218788146973,7.486562728881836,7.563906669616699,7.641250133514404,7.718594074249268,7.795937538146973,7.873281478881836,7.950625419616699,8.027969360351562,8.10531234741211,8.182656288146973,8.260000228881836]},"val_acc":0.25,"train_mse":4.069386430622376,"_runtime":204,"_step":50}