{"_wandb":{"runtime":216},"_timestamp":1.7757230179753916e+09,"lr":3.90625e-06,"epoch":50,"_step":50,"val_auc":0.4361048454469507,"_runtime":216,"train_mse":0.059316556471883226,"optimal_threshold":0.42298609018325806,"Label_Dist/S21":{"_type":"histogram","values":[60,0,60,0,0,0,0,0,180,120,0,0,60,0,0,0,0,60,300,0,60,0,0,0,120,0,120,0,120,0,0,0,60,0,0,0,0,60,60,60,0,60,0,0,0,60,60,300,0,60,0,0,0,0,0,60,60,120,0,0,0,60,0,60],"bins":[0.13625000417232513,0.14937500655651093,0.16250000894069672,0.1756249964237213,0.1887499988079071,0.2018750011920929,0.2150000035762787,0.22812500596046448,0.24125000834465027,0.25437501072883606,0.26750001311302185,0.28062501549720764,0.29374998807907104,0.30687499046325684,0.3199999928474426,0.3331249952316284,0.3462499976158142,0.359375,0.3725000023841858,0.3856250047683716,0.3987500071525574,0.41187500953674316,0.42500001192092896,0.43812501430511475,0.45124998688697815,0.46437498927116394,0.47749999165534973,0.4906249940395355,0.5037500262260437,0.5168750286102295,0.5299999713897705,0.5431249737739563,0.5562499761581421,0.5693749785423279,0.5824999809265137,0.5956249833106995,0.6087499856948853,0.621874988079071,0.6349999904632568,0.6481249928474426,0.6612499952316284,0.6743749976158142,0.6875,0.7006250023841858,0.7137500047683716,0.7268750071525574,0.7400000095367432,0.753125011920929,0.7662500143051147,0.7793750166893005,0.7925000190734863,0.8056250214576721,0.8187500238418579,0.8318749666213989,0.8449999690055847,0.8581249713897705,0.8712499737739563,0.8843749761581421,0.8974999785423279,0.9106249809265137,0.9237499833106995,0.9368749856948853,0.949999988079071,0.9631249904632568,0.9762499928474426]},"val_acc":0.52625}