{"val_acc":0.5020833333333333,"lr":3.90625e-06,"Label_Dist/S21":{"_type":"histogram","values":[60,0,60,0,0,0,0,0,180,120,0,0,60,0,0,0,0,60,300,0,60,0,0,0,120,0,120,0,120,0,0,0,60,0,0,0,0,60,60,60,0,60,0,0,0,60,60,300,0,60,0,0,0,0,0,60,60,120,0,0,0,60,0,60],"bins":[2.0899999141693115,2.194999933242798,2.299999952316284,2.4049999713897705,2.509999990463257,2.615000009536743,2.7200000286102295,2.825000047683716,2.930000066757202,3.0350000858306885,3.140000104904175,3.244999885559082,3.3499999046325684,3.4549999237060547,3.559999942779541,3.6649999618530273,3.7699999809265137,3.875,3.9800000190734863,4.085000038146973,4.190000057220459,4.295000076293945,4.400000095367432,4.505000114440918,4.610000133514404,4.715000152587891,4.820000171661377,4.925000190734863,5.03000020980835,5.135000228881836,5.240000247955322,5.345000267028809,5.450000286102295,5.555000305175781,5.660000324249268,5.765000343322754,5.87000036239624,5.975000381469727,6.080000400543213,6.185000419616699,6.2900004386901855,6.395000457763672,6.500000476837158,6.605000019073486,6.710000038146973,6.815000057220459,6.920000076293945,7.025000095367432,7.130000114440918,7.235000133514404,7.340000152587891,7.445000171661377,7.550000190734863,7.65500020980835,7.760000228881836,7.865000247955322,7.970000267028809,8.075000762939453,8.180000305175781,8.285000801086426,8.390000343322754,8.495000839233398,8.600000381469727,8.705000877380371,8.8100004196167]},"_step":50,"train_mse":3.882850302453713,"epoch":50,"_wandb":{"runtime":195},"_runtime":195,"_timestamp":1.7755756823455281e+09}