{"lr":3.90625e-06,"_step":50,"_wandb":{"runtime":206},"_timestamp":1.7756372936427906e+09,"Label_Dist/S16":{"_type":"histogram","values":[180,0,60,0,0,0,0,0,60,0,0,0,0,0,0,180,60,60,120,0,0,0,60,0,0,60,60,60,60,180,0,0,60,60,60,0,0,0,0,0,180,60,60,0,0,0,60,0,0,0,60,60,120,0,0,60,60,0,60,120,0,0,60,60],"bins":[0,0.012246093712747097,0.024492187425494194,0.036738280206918716,0.04898437485098839,0.06123046949505806,0.07347656041383743,0.0857226550579071,0.09796874970197678,0.11021484434604645,0.12246093899011612,0.1347070336341858,0.14695312082767487,0.15919922292232513,0.1714453101158142,0.18369141221046448,0.19593749940395355,0.20818358659744263,0.2204296886920929,0.23267577588558197,0.24492187798023224,0.2571679651737213,0.2694140672683716,0.28166016936302185,0.29390624165534973,0.30615234375,0.31839844584465027,0.33064451813697815,0.3428906202316284,0.3551367223262787,0.36738282442092896,0.37962889671325684,0.3918749988079071,0.4041211009025574,0.41636717319488525,0.4286132752895355,0.4408593773841858,0.45310547947883606,0.46535155177116394,0.4775976538658142,0.4898437559604645,0.5020898580551147,0.5143359303474426,0.5265820026397705,0.5388281345367432,0.551074206829071,0.5633203387260437,0.5755664110183716,0.5878124833106995,0.6000586152076721,0.6123046875,0.6245507597923279,0.6367968916893005,0.6490429639816284,0.6612890362739563,0.673535168170929,0.6857812404632568,0.6980273127555847,0.7102734446525574,0.7225195169448853,0.7347656488418579,0.7470117211341858,0.7592577934265137,0.7715039253234863,0.7837499976158142]},"optimal_threshold":0.4279353618621826,"val_auc":0.41819666666666666,"val_acc":0.37583333333333335,"train_mse":0.05925636411455693,"epoch":50,"_runtime":206}