{"Label_Dist/S32":{"_type":"histogram","values":[120,0,0,0,0,0,0,0,0,0,0,0,0,0,0,0,60,60,60,0,0,0,0,0,0,180,240,300,60,0,0,0,0,0,60,120,60,0,0,0,0,0,60,0,240,0,0,0,0,0,0,0,60,120,120,60,0,0,0,0,60,60,120,180],"bins":[0,0.014140624552965164,0.02828124910593033,0.04242187365889549,0.05656249821186066,0.07070311903953552,0.08484374731779099,0.09898437559604645,0.11312499642372131,0.12726561725139618,0.14140623807907104,0.1555468738079071,0.16968749463558197,0.18382811546325684,0.1979687511920929,0.21210937201976776,0.22624999284744263,0.2403906136751175,0.25453123450279236,0.2686718702316284,0.2828124761581421,0.29695311188697815,0.3110937476158142,0.3252343535423279,0.33937498927116394,0.353515625,0.36765623092651367,0.38179686665534973,0.3959375023841858,0.41007810831069946,0.4242187440395355,0.4383593499660492,0.45249998569488525,0.4666406214237213,0.480781227350235,0.49492186307907104,0.5090624690055847,0.5232031345367432,0.5373437404632568,0.5514843463897705,0.5656249523162842,0.5797656178474426,0.5939062237739563,0.60804682970047,0.6221874952316284,0.6363281011581421,0.6504687070846558,0.6646093726158142,0.6787499785423279,0.6928905844688416,0.70703125,0.7211718559265137,0.7353124618530273,0.7494531273841858,0.7635937333106995,0.7777343392372131,0.7918750047683716,0.8060156106948853,0.8201562166213989,0.8342968225479126,0.848437488079071,0.8625780940055847,0.8767186999320984,0.8908593654632568,0.9049999713897705]},"epoch":50,"val_auc":0.4494451388888889,"_step":50,"optimal_threshold":0.43503323197364807,"_wandb":{"runtime":206},"lr":3.90625e-06,"_timestamp":1.7757158893849723e+09,"train_mse":0.05946063002590666,"val_acc":0.5016666666666667,"_runtime":206}