{"optimal_threshold":0.4221285879611969,"_runtime":226,"Label_Dist/S11":{"bins":[0,0.014492187649011612,0.028984375298023224,0.043476562947034836,0.05796875059604645,0.07246093451976776,0.08695312589406967,0.10144531726837158,0.1159375011920929,0.1304296851158142,0.14492186903953552,0.15941406786441803,0.17390625178813934,0.18839843571186066,0.20289063453674316,0.21738281846046448,0.2318750023841858,0.2463671863079071,0.2608593702316284,0.27535155415534973,0.28984373807907104,0.30433595180511475,0.31882813572883606,0.3333203196525574,0.3478125035762787,0.3623046875,0.3767968714237213,0.3912890553474426,0.40578126907348633,0.42027345299720764,0.43476563692092896,0.44925782084465027,0.4637500047683716,0.4782421886920929,0.4927343726158142,0.5072265863418579,0.5217187404632568,0.5362109541893005,0.5507031083106995,0.5651953220367432,0.5796874761581421,0.5941796898841858,0.6086719036102295,0.6231640577316284,0.6376562714576721,0.652148425579071,0.6666406393051147,0.6811327934265137,0.6956250071525574,0.7101172208786011,0.724609375,0.7391015887260437,0.7535937428474426,0.7680859565734863,0.7825781106948853,0.797070324420929,0.8115625381469727,0.8260546922683716,0.8405469059944153,0.8550390601158142,0.8695312738418579,0.8840234279632568,0.8985156416893005,0.9130077958106995,0.9275000095367432],"_type":"histogram","values":[60,60,0,60,60,0,0,60,0,0,0,120,0,0,0,0,60,0,0,60,0,0,60,60,0,0,0,0,120,0,60,0,0,60,240,0,0,60,60,60,120,0,0,60,60,120,60,60,0,0,0,60,60,0,60,120,0,60,0,60,60,0,0,120]},"_timestamp":1.7757207712113068e+09,"epoch":50,"train_mse":0.0590712947777354,"val_auc":0.4730501302083333,"_step":50,"lr":3.90625e-06,"val_acc":0.60375,"_wandb":{"runtime":226}}