{"_step":50,"_wandb":{"runtime":207},"val_acc":0.49583333333333335,"_runtime":207,"epoch":50,"lr":7.8125e-06,"train_mse":3.7254190420367053,"Label_Dist/S03":{"_type":"histogram","values":[60,60,0,60,0,0,60,0,60,0,0,60,0,0,60,0,180,120,0,180,0,0,120,120,0,60,0,60,60,60,0,60,0,0,0,0,0,0,0,60,0,60,0,0,0,60,60,0,60,0,60,180,0,180,0,0,60,0,0,0,0,120,0,60],"bins":[3.180000066757202,3.257500171661377,3.3350000381469727,3.4125001430511475,3.490000009536743,3.567500114440918,3.6449999809265137,3.7225000858306885,3.8000001907348633,3.877500057220459,3.955000162124634,4.032500267028809,4.110000133514404,4.1875,4.265000343322754,4.34250020980835,4.420000076293945,4.497499942779541,4.575000286102295,4.652500152587891,4.730000019073486,4.80750036239624,4.885000228881836,4.962500095367432,5.039999961853027,5.117500305175781,5.195000171661377,5.272500038146973,5.350000381469727,5.427500247955322,5.505000114440918,5.582499980926514,5.660000324249268,5.737500190734863,5.815000057220459,5.892500400543213,5.970000267028809,6.047500133514404,6.125,6.202500343322754,6.28000020980835,6.357500076293945,6.435000419616699,6.512500286102295,6.590000152587891,6.6675004959106445,6.74500036239624,6.822500228881836,6.900000095367432,6.9775004386901855,7.055000305175781,7.132500171661377,7.210000514984131,7.287500381469727,7.365000247955322,7.442500114440918,7.520000457763672,7.597500324249268,7.675000190734863,7.752500534057617,7.830000400543213,7.907500267028809,7.985000133514404,8.0625,8.140000343322754]},"_timestamp":1.775571991819401e+09}