{"epoch":50,"train_mse":0.05982069892623171,"val_acc":0.63625,"val_auc":0.6840284722222223,"_runtime":214,"Label_Dist/S14":{"_type":"histogram","values":[120,0,0,0,0,0,0,60,120,0,60,60,60,120,60,0,60,0,0,120,60,60,0,0,0,60,120,60,0,0,0,0,0,0,0,0,0,0,0,0,0,0,60,0,120,0,0,0,0,0,120,120,0,120,60,0,120,60,120,60,0,0,180,60],"bins":[0.0037499999161809683,0.017792968079447746,0.03183593600988388,0.045878905802965164,0.05992187187075615,0.07396484166383743,0.08800780773162842,0.10205078125,0.11609374731779099,0.13013671338558197,0.14417968690395355,0.15822264552116394,0.17226561903953552,0.1863085925579071,0.2003515511751175,0.21439452469348907,0.22843749821186066,0.24248045682907104,0.2565234303474426,0.2705664038658142,0.2846093773841858,0.298652321100235,0.31269529461860657,0.32673826813697815,0.34078124165534973,0.3548242151737213,0.3688671886920929,0.3829101324081421,0.39695310592651367,0.41099607944488525,0.42503905296325684,0.4390820264816284,0.453125,0.4671679437160492,0.4812109172344208,0.49525389075279236,0.5092968344688416,0.5233398079872131,0.5373827815055847,0.5514257550239563,0.5654687285423279,0.5795117020606995,0.593554675579071,0.6075976490974426,0.6216406226158142,0.6356835961341858,0.6497265696525574,0.6637694835662842,0.6778124570846558,0.6918554306030273,0.7058984041213989,0.7199413776397705,0.7339843511581421,0.7480273246765137,0.7620702981948853,0.7761132717132568,0.7901562452316284,0.80419921875,0.8182421922683716,0.8322851061820984,0.84632807970047,0.8603710532188416,0.8744140267372131,0.8884570002555847,0.9024999737739563]},"_step":50,"_wandb":{"runtime":214},"_timestamp":1.7757214331455152e+09,"optimal_threshold":0.8758905529975891,"lr":3.90625e-06}