{"_wandb":{"runtime":196},"lr":1.953125e-06,"Label_Dist/S20":{"values":[60,0,0,60,0,180,0,0,0,60,60,0,0,0,0,0,60,0,120,60,60,0,120,60,0,300,120,0,60,0,0,0,0,60,0,0,0,0,60,120,0,0,60,60,0,0,60,60,0,60,0,120,120,0,60,0,0,120,0,0,0,0,0,60],"bins":[2.440000057220459,2.5396876335144043,2.6393749713897705,2.739062547683716,2.838750123977661,2.9384374618530273,3.0381250381469727,3.137812614440918,3.237499952316284,3.3371875286102295,3.436875104904175,3.536562442779541,3.6362500190734863,3.7359375953674316,3.835624933242798,3.935312509536743,4.034999847412109,4.134687423706055,4.234375,4.334062576293945,4.433750152587891,4.533437252044678,4.633124828338623,4.732812404632568,4.832499980926514,4.932187557220459,5.031875133514404,5.131562232971191,5.231249809265137,5.330937385559082,5.430624961853027,5.530312538146973,5.630000114440918,5.729687213897705,5.82937479019165,5.929062366485596,6.028749942779541,6.128437519073486,6.228124618530273,6.327812194824219,6.427499771118164,6.527187347412109,6.626874923706055,6.7265625,6.826249599456787,6.925937175750732,7.025624752044678,7.125312328338623,7.224999904632568,7.324687480926514,7.424374580383301,7.524062156677246,7.623749732971191,7.723437309265137,7.823124885559082,7.922812461853027,8.022500038146973,8.122187614440918,8.221875190734863,8.321561813354492,8.421249389648438,8.520936965942383,8.620624542236328,8.720312118530273,8.819999694824219],"_type":"histogram"},"_runtime":196,"_timestamp":1.7755754842902348e+09,"train_mse":4.0849585127584715,"_step":50,"val_acc":0.4220833333333333,"epoch":50}