{"_step":50,"Label_Dist/S17":{"values":[60,0,0,60,0,60,0,0,60,0,0,0,60,60,120,120,60,60,60,0,60,0,0,0,0,0,0,0,120,0,0,0,0,0,120,60,180,180,60,240,0,120,60,60,0,0,60,0,0,0,0,240,0,0,0,0,0,0,0,0,0,0,0,60],"bins":[0.1875,0.19853515923023224,0.20957031846046448,0.22060546278953552,0.23164062201976776,0.24267578125,0.25371092557907104,0.2647460997104645,0.2757812440395355,0.28681641817092896,0.2978515625,0.30888670682907104,0.3199218809604645,0.3309570252895355,0.34199219942092896,0.35302734375,0.36406248807907104,0.3750976622104645,0.3861328065395355,0.39716798067092896,0.408203125,0.41923829913139343,0.4302734434604645,0.4413085877895355,0.45234376192092896,0.46337890625,0.47441408038139343,0.4854492247104645,0.4964843690395355,0.507519543170929,0.5185546875,0.529589831829071,0.5406249761581421,0.5516601800918579,0.562695324420929,0.57373046875,0.584765613079071,0.5958008170127869,0.6068359613418579,0.617871105670929,0.62890625,0.639941394329071,0.6509765982627869,0.6620117425918579,0.673046886920929,0.68408203125,0.695117175579071,0.7061523795127869,0.7171875238418579,0.728222668170929,0.7392578125,0.750292956829071,0.7613281607627869,0.7723633050918579,0.783398449420929,0.79443359375,0.805468738079071,0.8165039420127869,0.8275390863418579,0.838574230670929,0.849609375,0.860644519329071,0.8716797232627869,0.8827148675918579,0.893750011920929],"_type":"histogram"},"epoch":50,"val_auc":0.49174518518518523,"optimal_threshold":0.5047639012336731,"_runtime":220,"_timestamp":1.7757307341053736e+09,"lr":1.953125e-06,"_wandb":{"runtime":220},"train_mse":0.0610290153073691,"val_acc":0.5370833333333334}