{"_wandb":{"runtime":198},"_runtime":198,"val_auc":0.5861486391694725,"train_mse":0.061041146375981396,"_step":50,"optimal_threshold":0.571210503578186,"val_acc":0.5654166666666667,"lr":7.8125e-06,"Label_Dist/S03":{"_type":"histogram","values":[60,60,0,60,0,0,60,0,60,0,0,60,0,0,60,0,180,120,0,180,0,0,120,120,0,60,0,60,60,60,0,60,0,0,0,0,0,0,0,60,0,60,0,0,0,60,60,0,60,0,60,120,60,180,0,0,60,0,0,0,0,120,0,60],"bins":[0.27250000834465027,0.2821875214576721,0.2918750047683716,0.30156251788139343,0.3112500011920929,0.32093751430511475,0.3306249976158142,0.34031251072883606,0.3499999940395355,0.3596875071525574,0.36937499046325684,0.3790625035762787,0.38875001668930054,0.3984375,0.40812501311302185,0.4178124964237213,0.42750000953674316,0.4371874928474426,0.4468750059604645,0.45656248927116394,0.4662500023841858,0.47593748569488525,0.4856249988079071,0.49531251192092896,0.5049999952316284,0.5146874785423279,0.5243750214576721,0.5340625047683716,0.543749988079071,0.5534374713897705,0.5631250143051147,0.5728124976158142,0.5824999809265137,0.5921875238418579,0.6018750071525574,0.6115624904632568,0.6212499737739563,0.6309375166893005,0.640625,0.6503124833106995,0.6599999666213989,0.6696875095367432,0.6793749928474426,0.6890624761581421,0.6987500190734863,0.7084375023841858,0.7181249856948853,0.7278124690055847,0.737500011920929,0.7471874952316284,0.7568749785423279,0.7665624618530273,0.7762500047683716,0.785937488079071,0.7956249713897705,0.8053125143051147,0.8149999976158142,0.8246874809265137,0.8343749642372131,0.8440625071525574,0.8537499904632568,0.8634374737739563,0.8731249570846558,0.8828125,0.8924999833106995]},"_timestamp":1.7757099078878894e+09,"epoch":50}