{"Label_Dist/S14":{"bins":[1.0299999713897705,1.1423437595367432,1.2546874284744263,1.367031216621399,1.4793750047683716,1.5917187929153442,1.7040624618530273,1.81640625,1.9287500381469727,2.0410938262939453,2.153437614440918,2.2657811641693115,2.378124952316284,2.490468740463257,2.6028125286102295,2.715156316757202,2.827500104904175,2.9398438930511475,3.052187442779541,3.1645312309265137,3.2768750190734863,3.389218807220459,3.5015625953674316,3.6139063835144043,3.726250171661377,3.8385937213897705,3.950937509536743,4.063281536102295,4.175625324249268,4.287968635559082,4.400312423706055,4.512656211853027,4.625,4.737343788146973,4.849687576293945,4.962031364440918,5.074375152587891,5.186718940734863,5.299062728881836,5.411406517028809,5.523750305175781,5.636094093322754,5.748437881469727,5.860781192779541,5.973124980926514,6.085468769073486,6.197812557220459,6.310156345367432,6.422500133514404,6.534843921661377,6.64718770980835,6.759531497955322,6.871875286102295,6.984219074249268,7.09656286239624,7.208906650543213,7.3212504386901855,7.43359375,7.545937538146973,7.658281326293945,7.770625114440918,7.882968902587891,7.995312690734863,8.107656478881836,8.220000267028809],"_type":"histogram","values":[120,0,0,0,0,0,0,60,120,0,60,60,60,120,60,0,60,0,0,120,60,60,0,0,0,60,120,60,0,0,0,0,0,0,0,0,0,0,0,0,0,0,60,0,120,0,0,0,0,0,120,120,0,120,60,0,120,60,120,60,0,0,180,60]},"val_acc":0.5,"_timestamp":1.7756263274360516e+09,"_wandb":{"runtime":207},"train_mse":3.815878649347836,"_runtime":207,"_step":50,"epoch":50,"lr":3.90625e-06}