{"train_mse":3.7872707864263213,"_runtime":204,"Label_Dist/S17":{"_type":"histogram","values":[60,0,60,0,60,0,60,0,120,0,60,60,0,60,60,120,60,60,0,0,0,0,180,0,0,0,0,0,0,60,60,0,0,0,0,0,0,60,0,60,0,0,0,60,120,180,60,60,60,0,60,60,0,60,0,0,0,0,60,0,120,120,0,120],"bins":[3.0399999618530273,3.106093645095825,3.172187566757202,3.23828125,3.304374933242798,3.3704686164855957,3.4365625381469727,3.5026562213897705,3.5687499046325684,3.6348438262939453,3.700937509536743,3.767031192779541,3.833124876022339,3.899218797683716,3.9653124809265137,4.031406402587891,4.097499847412109,4.163593769073486,4.229687690734863,4.295781135559082,4.361875057220459,4.427968502044678,4.494062423706055,4.560156345367432,4.62624979019165,4.692343711853027,4.758437633514404,4.824531078338623,4.890625,4.956718921661377,5.022812366485596,5.088906288146973,5.154999732971191,5.221093654632568,5.287187576293945,5.353281021118164,5.419374942779541,5.485468864440918,5.551562309265137,5.617656230926514,5.683750152587891,5.749843597412109,5.815937519073486,5.882031440734863,5.948124885559082,6.014218807220459,6.080312252044678,6.146406173706055,6.212500095367432,6.27859354019165,6.344687461853027,6.410781383514404,6.476874828338623,6.54296875,6.609062671661377,6.675156116485596,6.741250038146973,6.80734395980835,6.873437404632568,6.939531326293945,7.005624771118164,7.071718692779541,7.137812614440918,7.203906059265137,7.269999980926514]},"epoch":50,"val_acc":0.4870833333333333,"lr":7.8125e-06,"_wandb":{"runtime":204},"_timestamp":1.7756269413112137e+09,"_step":50}