{"_runtime":201,"_timestamp":1.7757129871102536e+09,"optimal_threshold":0.4179510474205017,"epoch":50,"val_acc":0.6379166666666667,"Label_Dist/S18":{"_type":"histogram","values":[60,0,0,60,0,0,0,0,0,0,60,0,60,60,60,60,0,60,0,120,60,60,60,0,0,60,0,120,60,0,60,0,0,60,60,0,60,0,0,60,60,120,60,120,0,120,0,60,60,120,0,0,60,0,120,0,0,0,120,0,0,0,0,60],"bins":[0.24500000476837158,0.2543359398841858,0.263671875,0.2730078101158142,0.2823437452316284,0.2916796803474426,0.30101561546325684,0.31035155057907104,0.31968748569488525,0.32902345061302185,0.33835938572883606,0.34769532084465027,0.3570312559604645,0.3663671910762787,0.3757031261920929,0.3850390613079071,0.3943749964237213,0.4037109315395355,0.41304686665534973,0.42238280177116394,0.43171873688697815,0.44105467200279236,0.45039060711860657,0.4597265422344208,0.4690625071525574,0.4783984422683716,0.4877343773841858,0.4970703125,0.5064062476158142,0.5157421827316284,0.5250781178474426,0.5344140529632568,0.543749988079071,0.5530859231948853,0.5624218583106995,0.5717577934265137,0.5810937285423279,0.5904296636581421,0.5997655987739563,0.6091015338897705,0.6184374690055847,0.6277734041213989,0.6371093392372131,0.6464452743530273,0.6557812094688416,0.6651171445846558,0.67445307970047,0.6837890148162842,0.6931250095367432,0.7024609446525574,0.7117968797683716,0.7211328148841858,0.73046875,0.7398046851158142,0.7491406202316284,0.7584765553474426,0.7678124904632568,0.777148425579071,0.7864843606948853,0.7958202958106995,0.8051562309265137,0.8144921660423279,0.8238281011581421,0.8331640362739563,0.8424999713897705]},"val_auc":0.7002861721611722,"lr":1.5625e-05,"_wandb":{"runtime":201},"_step":50,"train_mse":0.05966324670259485}