{"val_acc":0.6,"val_auc":0.32870840567129633,"_wandb":{"runtime":219},"Label_Dist/S04":{"bins":[0,0.013867187313735485,0.02773437462747097,0.04160156100988388,0.05546874925494194,0.0693359375,0.08320312201976776,0.09707031399011612,0.11093749850988388,0.12480468302965164,0.138671875,0.15253905951976776,0.16640624403953552,0.18027342855930328,0.19414062798023224,0.2080078125,0.22187499701976776,0.23574218153953552,0.24960936605930328,0.26347655057907104,0.27734375,0.29121091961860657,0.3050781190395355,0.3189453184604645,0.33281248807907104,0.3466796875,0.36054685711860657,0.3744140565395355,0.3882812559604645,0.40214842557907104,0.416015625,0.42988279461860657,0.4437499940395355,0.4576171934604645,0.47148436307907104,0.4853515625,0.49921873211860657,0.5130859017372131,0.5269531011581421,0.540820300579071,0.5546875,0.568554699420929,0.5824218392372131,0.5962890386581421,0.610156238079071,0.6240234375,0.637890636920929,0.6517577767372131,0.6656249761581421,0.679492175579071,0.693359375,0.707226574420929,0.7210937142372131,0.7349609136581421,0.748828113079071,0.7626953125,0.776562511920929,0.7904296517372131,0.8042968511581421,0.818164050579071,0.83203125,0.845898449420929,0.8597655892372131,0.8736327886581421,0.887499988079071],"_type":"histogram","values":[60,0,0,0,0,0,0,60,120,120,60,60,0,0,0,60,180,240,60,0,60,0,0,0,0,0,180,60,0,0,0,0,0,0,120,0,240,60,0,0,0,0,0,0,60,60,120,60,0,0,0,0,0,120,120,0,0,0,0,0,0,0,0,120]},"train_mse":0.057043426276482255,"_timestamp":1.7757276850215905e+09,"lr":1.953125e-06,"_runtime":219,"optimal_threshold":Infinity,"_step":50,"epoch":50}