{"val_auc":0.5665269510582011,"_runtime":219,"lr":7.8125e-06,"_wandb":{"runtime":219},"_step":50,"train_mse":0.059395573405977786,"optimal_threshold":0.7636300325393677,"epoch":50,"Label_Dist/S32":{"bins":[0,0.012324218638241291,0.024648437276482582,0.03697265684604645,0.049296874552965164,0.06162109225988388,0.0739453136920929,0.08626952767372131,0.09859374910593033,0.11091797053813934,0.12324218451976776,0.13556639850139618,0.1478906273841858,0.1602148413658142,0.17253905534744263,0.18486328423023224,0.19718749821186066,0.20951171219348907,0.2218359410762787,0.2341601550579071,0.24648436903953552,0.25880858302116394,0.27113279700279236,0.28345704078674316,0.2957812547683716,0.30810546875,0.3204296827316284,0.33275389671325684,0.34507811069488525,0.35740235447883606,0.3697265684604645,0.3820507824420929,0.3943749964237213,0.40669921040534973,0.41902342438697815,0.43134763836860657,0.4436718821525574,0.4559960961341858,0.4683203101158142,0.4806445240974426,0.49296873807907104,0.5052929520606995,0.5176171660423279,0.5299413800239563,0.5422655940055847,0.5545898675918579,0.5669140815734863,0.5792382955551147,0.5915625095367432,0.6038867235183716,0.6162109375,0.6285351514816284,0.6408593654632568,0.6531835794448853,0.6655077934265137,0.6778320074081421,0.6901562213897705,0.7024804353713989,0.7148047089576721,0.7271289229393005,0.739453136920929,0.7517773509025574,0.7641015648841858,0.7764257788658142,0.7887499928474426],"_type":"histogram","values":[60,0,0,0,0,0,0,60,0,0,0,0,0,0,0,0,0,0,0,0,60,60,0,0,0,0,0,0,0,120,120,120,60,0,0,0,0,0,60,0,120,60,0,0,0,0,0,0,0,0,300,240,180,60,0,0,0,0,0,0,120,120,180,300]},"val_acc":0.5766666666666667,"_timestamp":1.7757341962505417e+09}