{"val_acc":0.5766666666666667,"_step":50,"_timestamp":1.775626734861881e+09,"_wandb":{"runtime":202},"epoch":50,"Label_Dist/S16":{"values":[180,0,60,0,0,0,0,0,60,0,0,0,0,0,0,180,60,60,120,0,0,0,60,0,0,60,60,60,60,180,0,0,60,60,60,0,0,0,0,0,180,60,60,0,0,0,60,0,0,0,60,60,120,0,0,60,60,0,60,120,0,0,60,60],"bins":[1,1.0979686975479126,1.1959375143051147,1.2939062118530273,1.3918750286102295,1.489843726158142,1.5878125429153442,1.6857812404632568,1.783750057220459,1.8817187547683716,1.9796874523162842,2.0776562690734863,2.1756250858306885,2.2735936641693115,2.3715624809265137,2.469531297683716,2.567500114440918,2.665468692779541,2.763437509536743,2.8614063262939453,2.9593749046325684,3.0573437213897705,3.1553125381469727,3.253281354904175,3.351249933242798,3.44921875,3.547187566757202,3.645156145095825,3.7431249618530273,3.8410937786102295,3.9390625953674316,4.037031173706055,4.135000228881836,4.232968807220459,4.330937385559082,4.428906440734863,4.526875019073486,4.624843597412109,4.722812652587891,4.820781230926514,4.918749809265137,5.016718864440918,5.114687442779541,5.212656021118164,5.310625076293945,5.408593654632568,5.50656270980835,5.604531288146973,5.702499866485596,5.800468921661377,5.8984375,5.996406078338623,6.094375133514404,6.192343711853027,6.29031229019165,6.388281345367432,6.486249923706055,6.584218502044678,6.682187557220459,6.780156135559082,6.878125190734863,6.976093769073486,7.074062347412109,7.172031402587891,7.269999980926514],"_type":"histogram"},"lr":3.90625e-06,"_runtime":202,"train_mse":3.97986013496045}