{"train_mse":0.06028817076863292,"optimal_threshold":0.8383932113647461,"epoch":50,"val_acc":0.5516666666666666,"_step":50,"_runtime":227,"Label_Dist/S10":{"bins":[0.08500000089406967,0.09652344137430191,0.10804687440395355,0.11957031488418579,0.13109375536441803,0.14261718094348907,0.1541406214237213,0.16566406190395355,0.1771875023841858,0.18871094286441803,0.20023436844348907,0.2117578089237213,0.22328124940395355,0.2348046898841858,0.24632813036441803,0.25785157084465027,0.2693749964237213,0.28089842200279236,0.2924218773841858,0.30394530296325684,0.31546875834465027,0.3269921839237213,0.33851560950279236,0.3500390648841858,0.36156249046325684,0.37308594584465027,0.3846093714237213,0.39613279700279236,0.4076562523841858,0.41917967796325684,0.43070313334465027,0.4422265589237213,0.45374998450279236,0.4652734398841858,0.47679686546325684,0.48832032084465027,0.4998437464237213,0.5113672018051147,0.5228906273841858,0.5344140529632568,0.5459374785423279,0.5574609041213989,0.5689843893051147,0.5805078148841858,0.5920312404632568,0.6035546660423279,0.6150780916213989,0.6266015768051147,0.6381250023841858,0.6496484279632568,0.6611718535423279,0.6726952791213989,0.6842187643051147,0.6957421898841858,0.7072656154632568,0.7187890410423279,0.7303124666213989,0.7418359518051147,0.7533593773841858,0.7648828029632568,0.7764062285423279,0.7879296541213989,0.7994531393051147,0.8109765648841858,0.8224999904632568],"_type":"histogram","values":[60,0,0,60,0,0,0,0,0,0,0,0,60,240,0,0,0,60,0,60,0,60,0,60,60,120,0,60,0,60,60,0,0,0,0,60,60,0,120,0,0,120,0,60,60,60,240,0,180,240,0,0,0,0,0,0,0,0,0,60,0,0,60,60]},"val_auc":0.5814948092031426,"_wandb":{"runtime":227},"_timestamp":1.7757290757427456e+09,"lr":7.8125e-06}