{"lr":7.8125e-06,"val_acc":0.38666666666666666,"_step":50,"val_auc":0.4910037037037037,"_wandb":{"runtime":241},"Label_Dist/S22":{"values":[120,0,0,0,0,0,0,0,180,60,0,0,0,0,0,0,0,0,120,0,0,0,0,0,0,0,0,180,0,0,0,0,0,0,0,120,300,0,0,0,0,0,0,0,0,480,120,0,0,0,0,0,0,0,420,240,0,0,0,0,0,0,0,60],"bins":[0,0.01376953162252903,0.02753906324505806,0.04130859673023224,0.05507812649011612,0.06884765625,0.08261719346046448,0.09638672322034836,0.11015625298023224,0.12392578274011612,0.1376953125,0.15146484971046448,0.16523438692092896,0.17900390923023224,0.19277344644069672,0.20654296875,0.22031250596046448,0.23408204317092896,0.24785156548023224,0.2616210877895355,0.275390625,0.2891601622104645,0.30292969942092896,0.31669923663139343,0.3304687738418579,0.34423828125,0.3580078184604645,0.37177735567092896,0.38554689288139343,0.3993164300918579,0.4130859375,0.4268554747104645,0.44062501192092896,0.45439454913139343,0.4681640863418579,0.48193359375,0.4957031309604645,0.509472668170929,0.523242175579071,0.5370117425918579,0.55078125,0.5645508170127869,0.578320324420929,0.592089831829071,0.6058593988418579,0.61962890625,0.6333984732627869,0.647167980670929,0.6609375476837158,0.6747070550918579,0.6884765625,0.7022461295127869,0.716015636920929,0.7297852039337158,0.7435547113418579,0.75732421875,0.7710937857627869,0.784863293170929,0.7986328601837158,0.8124023675918579,0.826171875,0.8399414420127869,0.853710949420929,0.8674805164337158,0.8812500238418579],"_type":"histogram"},"_timestamp":1.7757319156327775e+09,"_runtime":241,"train_mse":0.05778572392806769,"optimal_threshold":0.7011821866035461,"epoch":50}