{"val_acc":0.49916666666666665,"val_auc":0.5921704500199124,"lr":1.953125e-06,"_wandb":{"runtime":192},"optimal_threshold":0.5061715245246887,"train_mse":0.06000166164896742,"_step":50,"epoch":50,"_timestamp":1.7756450810460327e+09,"_runtime":192,"Label_Dist/S20":{"bins":[0.22875000536441803,0.23896485567092896,0.2491796910762787,0.2593945264816284,0.26960939168930054,0.27982422709465027,0.2900390625,0.30025389790534973,0.31046876311302185,0.3206835985183716,0.3308984339237213,0.34111329913139343,0.35132813453674316,0.3615429699420929,0.3717578053474426,0.38197267055511475,0.3921875059604645,0.4024023413658142,0.41261717677116394,0.42283204197883606,0.4330468773841858,0.4432617127895355,0.45347657799720764,0.4636914134025574,0.4739062488079071,0.48412108421325684,0.49433594942092896,0.5045507550239563,0.5147656202316284,0.5249804854393005,0.5351952910423279,0.54541015625,0.5556250214576721,0.5658398270606995,0.5760546922683716,0.5862695574760437,0.596484363079071,0.6066992282867432,0.6169140338897705,0.6271288990974426,0.6373437643051147,0.6475585699081421,0.6577734351158142,0.6679883003234863,0.6782031059265137,0.6884179711341858,0.6986328363418579,0.7088476419448853,0.7190625071525574,0.7292773127555847,0.7394921779632568,0.749707043170929,0.7599218487739563,0.7701367139816284,0.7803515791893005,0.7905663847923279,0.80078125,0.8109961152076721,0.8212109208106995,0.8314257860183716,0.8416405916213989,0.851855456829071,0.8620703220367432,0.8722851276397705,0.8824999928474426],"_type":"histogram","values":[60,0,60,0,0,120,0,0,0,0,0,0,0,60,0,0,0,60,0,0,0,0,0,60,0,60,120,180,0,120,120,0,120,60,60,120,0,120,120,0,60,0,120,120,0,60,0,0,60,0,0,60,60,0,60,0,60,60,0,0,0,0,0,60]}}