{"optimal_threshold":0.5106737613677979,"_runtime":228,"Label_Dist/S05":{"_type":"histogram","values":[120,0,0,0,0,0,0,0,180,120,0,0,0,0,0,0,0,60,300,120,0,0,0,0,0,0,240,240,60,0,0,0,0,0,0,60,120,60,0,0,0,0,0,0,0,240,120,0,0,0,0,0,0,0,60,120,0,0,0,0,0,0,0,180],"bins":[0.1237500011920929,0.13744141161441803,0.15113280713558197,0.1648242175579071,0.17851562798023224,0.19220703840255737,0.2058984339237213,0.21958984434604645,0.23328125476837158,0.24697265028953552,0.26066407561302185,0.2743554711341858,0.28804686665534973,0.30173829197883606,0.3154296875,0.32912108302116394,0.34281250834465027,0.3565039038658142,0.37019529938697815,0.3838867247104645,0.3975781202316284,0.41126954555511475,0.4249609410762787,0.4386523365974426,0.45234376192092896,0.4660351574420929,0.47972655296325684,0.49341797828674316,0.5071094036102295,0.520800769329071,0.5344921946525574,0.5481836199760437,0.5618749856948853,0.5755664110183716,0.5892578363418579,0.6029492020606995,0.6166406273841858,0.6303320527076721,0.6440234184265137,0.65771484375,0.6714062690734863,0.6850976347923279,0.6987890601158142,0.7124804854393005,0.7261718511581421,0.7398632764816284,0.7535547018051147,0.7672460675239563,0.7809374928474426,0.794628918170929,0.8083202838897705,0.8220117092132568,0.8357031345367432,0.8493945598602295,0.863085925579071,0.8767773509025574,0.8904687762260437,0.9041601419448853,0.9178515672683716,0.9315429925918579,0.9452343583106995,0.9589257836341858,0.9726172089576721,0.9863085746765137,1]},"_timestamp":1.7757279166604378e+09,"epoch":50,"val_acc":0.5258333333333334,"lr":3.90625e-06,"_wandb":{"runtime":228},"_step":50,"val_auc":0.4736152882205513,"train_mse":0.058846523466798445}