{"epoch":50,"train_mse":4.134240512176068,"val_acc":0.4725,"_step":50,"Label_Dist/S09":{"_type":"histogram","values":[180,180,60,60,0,0,0,0,0,0,0,0,120,360,60,0,0,0,0,0,0,0,0,0,60,300,240,0,0,0,0,0,0,0,0,0,0,120,120,60,60,0,0,0,0,0,0,0,0,60,240,60,0,0,0,0,0,0,0,0,0,0,0,60],"bins":[2.9200000762939453,3.001718759536743,3.083437442779541,3.165156364440918,3.246875047683716,3.3285937309265137,3.4103126525878906,3.4920313358306885,3.5737500190734863,3.655468702316284,3.737187385559082,3.818906307220459,3.900624990463257,3.9823436737060547,4.064062595367432,4.14578104019165,4.227499961853027,4.309218883514404,4.390937328338623,4.47265625,4.554374694824219,4.636093616485596,4.717812538146973,4.799530982971191,4.881249904632568,4.962968826293945,5.044687271118164,5.126406192779541,5.208125114440918,5.289843559265137,5.371562480926514,5.453280925750732,5.534999847412109,5.616718769073486,5.698437213897705,5.780156135559082,5.861874580383301,5.943593502044678,6.025312423706055,6.107030868530273,6.18874979019165,6.270468711853027,6.352187156677246,6.433906078338623,6.515625,6.597343444824219,6.679062366485596,6.7607808113098145,6.842499732971191,6.924218654632568,7.005937099456787,7.087656021118164,7.169374465942383,7.25109338760376,7.332812309265137,7.4145307540893555,7.496249675750732,7.577968597412109,7.659687042236328,7.741405963897705,7.823124885559082,7.904843330383301,7.986562252044678,8.068281173706055,8.149999618530273]},"_timestamp":1.77562529122329e+09,"lr":3.90625e-06,"_wandb":{"runtime":207},"_runtime":207}